FID,Northing,Easting,LON,LAT,SITECODE,OWNEDBY,MANAGEDBY,IMG,IMGFILE,NOTES,BLDGCODE,NAME,CATEGORY,THECB_TYPE,LEEDLEVEL,GF_BLDG,GF_RMLIST,IMGSVR,RefName,HISTORY,SHAPE_STAr,SHAPE_STLe,Shape__Area,Shape__Length
1,7124373.9952947,2380925.89283306,-97.1515021,33.2060828,100,UNT-Denton,Facilities, , , ,0313,Sullivant Public Safety Center,UNT Building,1,None,N,none,\\aits-gispd.unt.ad.unt.edu\arcgisdata$\ProdData\data\IMG\_pic\,BLDG_CARTO,"For Carroll Sullivant of Gainesville, who was a member of the Board of Regents from 1961-1978.",15573.7851563,514.51092217,2072.8046875,187.722287864844
2,7124796.65393903,2380990.69959524,-97.1512839,33.2072452,100,UNT-Denton,Facilities, , , ,-99,Clark Cooling Tower,Utility,UNK,Unknown,N,none,\\aits-gispd.unt.ad.unt.edu\arcgisdata$\ProdData\data\IMG\_pic\,BLDG_CARTO, ,949.846679688,135.557473697,126.42578125,49.4069060068514
3,7124797.56503857,2380930.32808103,-97.1514925,33.2072495,100,UNT-Denton,Facilities, , , ,-99,Clark Cooling Tower,Utility,UNK,Unknown,N,none,\\aits-gispd.unt.ad.unt.edu\arcgisdata$\ProdData\data\IMG\_pic\,BLDG_CARTO, ,618.513671875,100.179589689,82.3203125,36.5382741907947
4,7124734.13061561,2380849.70745699,-97.1517467,33.2070828,100,UNT-Denton,Facilities-Auxiliary, , , ,0171,Honors Hall,UNT Building,6,None,N,none,\\aits-gispd.unt.ad.unt.edu\arcgisdata$\ProdData\data\IMG\_pic\,BLDG_CARTO,Built in 2007.,24481.6933594,1138.86749947,3258.51171875,415.253632174107
5,7125680.6491598,2380614.1872522,-97.152477,33.2096924,100,UNT-Denton,Facilities-Auxiliary, , , ,0122,Bain Hall,UNT Building,1,None,N,none,\\aits-gispd.unt.ad.unt.edu\arcgisdata$\ProdData\data\IMG\_pic\,BLDG_CARTO,"Named after Dr. Wilfred C. Bain, who was the head of Music Department in 1938,  first dean of the School of Music in 1946, and organized UNT's first A Cappella choir.",8128.41894531,538.19193557,1081.953125,196.178855267432
6,7125681.25713661,2381006.6942888,-97.1511937,33.2096803,100,UNT-Denton,Facilities, , , ,0125,Music Practice South,UNT Building,1,None,N,none,\\aits-gispd.unt.ad.unt.edu\arcgisdata$\ProdData\data\IMG\_pic\,BLDG_CARTO,Built in 1952.,8247.96582031,531.780166629,1097.86328125,193.844721173095
7,7125851.01567943,2381006.15371503,-97.1511883,33.2101468,100,UNT-Denton,Facilities, , , ,0124,Music Practice North,UNT Building,1,None,N,none,\\aits-gispd.unt.ad.unt.edu\arcgisdata$\ProdData\data\IMG\_pic\,BLDG_CARTO,Built in 1952.,8307.77929688,531.783060972,1105.83203125,193.848757290404
8,7126173.71069988,2380957.77738447,-97.1513335,33.2110353,100,UNT-Denton,Facilities, , , ,0126,Chilton Hall,UNT Building,1,None,Y,Suite 136,\\aits-gispd.unt.ad.unt.edu\arcgisdata$\ProdData\data\IMG\_pic\,BLDG_CARTO,"Named after Joshua Crittenden Chilton, who negotiated the contract to establish the Texas Normal College & Teacher Training Institute on May 8, 1890. President through 1893.",44433.0185547,999.784718152,5914.5234375,364.761863108708
9,7125026.39953184,2380880.45448535,-97.1516339,33.2078849,100,UNT-Denton,Facilities, , , ,-99,Clark Pergola,Pergola,UNK,Unknown,N,none,\\aits-gispd.unt.ad.unt.edu\arcgisdata$\ProdData\data\IMG\_pic\,BLDG_CARTO, ,547.474609375,93.5934166325,72.86328125,34.1461185713962
10,7124797.50512312,2381276.62503347,-97.1503483,33.2072419,100,UNT-Denton,Facilities, , , ,-99,Maple Cooling Tower,Utility,UNK,Unknown,N,none,\\aits-gispd.unt.ad.unt.edu\arcgisdata$\ProdData\data\IMG\_pic\,BLDG_CARTO, ,82.7841796875,36.4070794533,11.015625,13.2831724942307
11,7124800.22353873,2381321.46209304,-97.1502016,33.2072478,100,UNT-Denton,Facilities, , , ,-99,Maple Cooling Tower,Utility,UNK,Unknown,N,none,\\aits-gispd.unt.ad.unt.edu\arcgisdata$\ProdData\data\IMG\_pic\,BLDG_CARTO, ,200.782226563,56.7177343447,26.7265625,20.694060629852
12,7125052.0973097,2381708.42878711,-97.1489259,33.2079263,100,Private,Private, , , ,-99,Wesley Center,Private,UNK,Unknown,U,none,\\aits-gispd.unt.ad.unt.edu\arcgisdata$\ProdData\data\IMG\_pic\,BLDG_CARTO, ,10021.1533203,469.636903357,1333.82421875,171.321551440852
13,7125256.81219404,2381641.1807134,-97.1491371,33.2084913,100,UNT-Denton,Facilities, , , ,0164,Residence Hall Association,UNT Building,3,None,N,none,\\aits-gispd.unt.ad.unt.edu\arcgisdata$\ProdData\data\IMG\_pic\,BLDG_CARTO,Built in 1965.,2169.55273438,201.980066631,288.7734375,73.6222507699725
14,7125287.37566053,2381662.9274185,-97.1490647,33.2085746,100,UNT-Denton,Facilities, , , ,-99,RHA Shed,Shed,UNK,Unknown,N,none,\\aits-gispd.unt.ad.unt.edu\arcgisdata$\ProdData\data\IMG\_pic\,BLDG_CARTO, ,79.9580078125,35.9927261533,10.64453125,13.1279375763738
15,7125443.33408796,2381562.58494673,-97.1494143,33.2090195,100,UNT-Denton,Facilities-Auxiliary, , , ,0178,Crumley Hall,UNT Building,6,None,N,none,\\aits-gispd.unt.ad.unt.edu\arcgisdata$\ProdData\data\IMG\_pic\,BLDG_CARTO,"Named after John Jackson Crumley, who was president from 1893-1984.  President Crumley is known for putting the North"" in North Texas Normal College.",26235.5810547,1255.50951743,3492.078125,458.001254216221
16,7125397.42717438,2381627.10638576,-97.1491772,33.2088783,100,UNT-Denton,Facilities, , , ,-99,Crumley Cooling Tower,Utility,UNK,Unknown,N,none,\\aits-gispd.unt.ad.unt.edu\arcgisdata$\ProdData\data\IMG\_pic\,BLDG_CARTO, ,236.600585938,62.8114466785,31.4921875,22.9267028417467
17,7124982.38490045,2382114.75071299,-97.1476008,33.2077199,100,UNT-Denton,Facilities-Auxiliary, , , ,0180,Kerr Hall,UNT Building,6,None,N,none,\\aits-gispd.unt.ad.unt.edu\arcgisdata$\ProdData\data\IMG\_pic\,BLDG_CARTO,"Named after S.A. Kerr of Huntsville, who was the vice-chairman of the Board of Regents from 1949-1967.",34471.6503906,1495.95920186,4588.19921875,545.729025897074
18,7124851.89688708,2382024.32997738,-97.1479015,33.2073649,100,UNT-Denton,Facilities, , , ,-99,Kerr Hall Cooling Tower,Utility,UNK,Unknown,N,none,\\aits-gispd.unt.ad.unt.edu\arcgisdata$\ProdData\data\IMG\_pic\,BLDG_CARTO, ,409.674804688,86.0061656606,54.53125,31.4024944514535
19,7125013.56241306,2383177.75545367,-97.1441237,33.2077684,100,UNT-Denton,Private, , , ,-99,Sigma Phi Epsilon,Fraternity House,UNK,Unknown,N,none,\\aits-gispd.unt.ad.unt.edu\arcgisdata$\ProdData\data\IMG\_pic\,BLDG_CARTO, ,8291.52050781,447.962015431,1103.59765625,163.50666423862
20,7124724.26734497,2383204.6254137,-97.1440481,33.2069724,100,UNT-Denton,Private, , , ,-99,Alpha Tau Omega,Fraternity House,UNK,Unknown,N,none,\\aits-gispd.unt.ad.unt.edu\arcgisdata$\ProdData\data\IMG\_pic\,BLDG_CARTO, ,5268.79101563,337.602688514,701.2734375,123.179527822088
21,7124828.60657246,2383214.72266436,-97.1440107,33.2072588,100,UNT-Denton,Private, , , ,-99,Sigma Chi,Fraternity House,UNK,Unknown,N,none,\\aits-gispd.unt.ad.unt.edu\arcgisdata$\ProdData\data\IMG\_pic\,BLDG_CARTO, ,5070.21191406,337.489805184,674.84375,123.101330047822
22,7125036.7564798,2383382.37079323,-97.1434538,33.2078249,100,UNT-Denton,Private, , , ,-99,Kappa Sigma,Fraternity House,UNK,Unknown,N,none,\\aits-gispd.unt.ad.unt.edu\arcgisdata$\ProdData\data\IMG\_pic\,BLDG_CARTO, ,5588.93359375,322.875231219,743.8984375,117.823786829682
23,7125056.05933343,2383477.59909144,-97.1431417,33.2078746,100,UNT-Denton,Private, , , ,-99,Pi Kappa Alpha,Fraternity House,UNK,Unknown,N,none,\\aits-gispd.unt.ad.unt.edu\arcgisdata$\ProdData\data\IMG\_pic\,BLDG_CARTO, ,4500.79980469,290.060454816,599.05078125,105.806265786277
24,7125021.1825783,2383583.01254539,-97.1427985,33.207775,100,UNT-Denton,Private, , , ,-99,Delta Sigma Phi,Fraternity House,UNK,Unknown,N,none,\\aits-gispd.unt.ad.unt.edu\arcgisdata$\ProdData\data\IMG\_pic\,BLDG_CARTO, ,6951.6796875,360.595611329,925.27734375,131.588814027413
25,7125058.09487403,2383672.33697271,-97.1425049,33.2078732,100,UNT-Denton,Private, , , ,-99,Phi Kappa Sigma,Fraternity House,UNK,Unknown,N,none,\\aits-gispd.unt.ad.unt.edu\arcgisdata$\ProdData\data\IMG\_pic\,BLDG_CARTO, ,3433.91503906,257.403257611,457.0546875,93.8807623551528
26,7125917.38750138,2381960.35807126,-97.1479731,33.2103345,100,UNT-Denton,Facilities, , , ,0113,Eagle Student Services Center,UNT Building,1,None,N,none,\\aits-gispd.unt.ad.unt.edu\arcgisdata$\ProdData\data\IMG\_pic\,BLDG_CARTO,"Foundation for this building was laid in 1922 on top of the previous outdoor pool, which remains buried underneath to this day.",26800.1376953,699.947064469,3567.3359375,255.333770837716
27,7125768.86503367,2382703.30184139,-97.1456911,33.209872,100,UNT-Denton,Facilities, , , ,0150,Wooten Hall,UNT Building,1,None,N,none,\\aits-gispd.unt.ad.unt.edu\arcgisdata$\ProdData\data\IMG\_pic\,BLDG_CARTO,"Named after Benjamin Harrison Wooten of Dallas, who was chairman of the Board of Regents from 1949-1969.",31066.7695313,795.097711805,4135.19921875,290.045590620607
28,7126240.01881847,2382844.20094845,-97.1451757,33.2111755,100,UNT-Denton,Facilities, , , ,0137,Matthews Hall Annex,UNT Building,1,None,Y,All,\\aits-gispd.unt.ad.unt.edu\arcgisdata$\ProdData\data\IMG\_pic\,BLDG_CARTO,"Named after Dr. James Carl Matthews, who served as first dean of the School of Education, first vice-president, and then president from 1951-1969.",7319.140625,398.907385155,974.24609375,145.660818947254
29,7126169.06626336,2382943.13418047,-97.1448422,33.2109524,100,UNT-Denton,Facilities, , , ,0001,Union Circle Parking Garage,UNT Building,3,None,N,none,\\aits-gispd.unt.ad.unt.edu\arcgisdata$\ProdData\data\IMG\_pic\,BLDG_CARTO,Built in 1985.,57832.1494141,1062.44518053,7698.05859375,387.771785426455
30,7125762.44732666,2382393.0947539,-97.1466575,33.2098544,100,UNT-Denton,Facilities, , , ,0106,Matthews Hall,UNT Building,1,None,Y,Child Development Lab,\\aits-gispd.unt.ad.unt.edu\arcgisdata$\ProdData\data\IMG\_pic\,BLDG_CARTO,"Named after Dr. James Carl Matthews, who served as first dean of the School of Education, first vice-president, and then president from 1951-1968.",24821.9130859,849.527304048,3303.95703125,310.148721291639
31,7126076.91383537,2381960.84447249,-97.1480575,33.2107339,100,UNT-Denton,Facilities, , , ,-99,Schrader Pvailion,Pavilion,UNK,Unknown,N,none,\\aits-gispd.unt.ad.unt.edu\arcgisdata$\ProdData\data\IMG\_pic\,BLDG_CARTO, ,388.939453125,71.8029553843,51.77734375,26.1965915214862
32,7126223.0161293,2381836.68812096,-97.1484658,33.2111446,100,UNT-Denton,Facilities, , , ,0101,Hurley Administration Bldg,UNT Building,1,None,N,none,\\aits-gispd.unt.ad.unt.edu\arcgisdata$\ProdData\data\IMG\_pic\,BLDG_CARTO,"Built in 1956, the plans for this building were created by architect and former student O'Neil Ford in 1928.",19792.7480469,769.488527008,2634.6328125,280.534559934482
33,7125849.74902946,2381679.37783259,-97.1489873,33.2101196,100,UNT-Denton,Facilities, , , ,0149,Willis Library,UNT Building,1,None,N,none,\\aits-gispd.unt.ad.unt.edu\arcgisdata$\ProdData\data\IMG\_pic\,BLDG_CARTO,"Named after A. M. Willis of Longview, who was a member of the Board of Regents from 1965-1983, and served as its chairman from 1969-1983.",34924.8847656,1048.3401908,4648.7890625,382.596362349452
34,7126052.24651679,2381346.04290403,-97.1500863,33.2106567,100,UNT-Denton,Facilities, , , ,0127,Music Bldg,UNT Building,1,None,Y,Voertman Concert Hall,\\aits-gispd.unt.ad.unt.edu\arcgisdata$\ProdData\data\IMG\_pic\,BLDG_CARTO,Built in 1978 as a practice and storage facility.,92036.8583984,2283.81003947,12251.0234375,833.344114329886
35,7125695.62037214,2381350.62293879,-97.1499891,33.2097157,100,UNT-Denton,Facilities, , , ,0115,Music Annex Building,UNT Building,1,None,N,none,\\aits-gispd.unt.ad.unt.edu\arcgisdata$\ProdData\data\IMG\_pic\,BLDG_CARTO,"Built in 1952, this building contains a repair shop as well as rehearsal rooms.",20150.7275391,949.492314989,2682.21484375,346.328138119319
36,7126369.32190208,2381259.39189093,-97.1503386,33.2115624,100,UNT-Denton,Facilities, , , ,0509,Information Booth,UNT Building,1,None,N,none,\\aits-gispd.unt.ad.unt.edu\arcgisdata$\ProdData\data\IMG\_pic\,BLDG_CARTO,Built in 1972.,53.7578125,29.5996783376,7.1640625,10.7959123021168
37,7125681.12256795,2382284.99057368,-97.1470144,33.2096347,100,UNT-Denton,Facilities, , , ,-99,Matthews CDL Shed,Shed,UNK,Unknown,N,none,\\aits-gispd.unt.ad.unt.edu\arcgisdata$\ProdData\data\IMG\_pic\,BLDG_CARTO, ,145.73046875,48.2900382119,19.40234375,17.6184802792135
38,7127028.32995682,2383736.84074483,-97.14222,33.2132844,100,UNT-Denton,Facilities, , , ,0550,University Machine Shop,UNT Building,1,None,N,none,\\aits-gispd.unt.ad.unt.edu\arcgisdata$\ProdData\data\IMG\_pic\,BLDG_CARTO,Built in 1990.,5520.02734375,319.53620463,734.80859375,116.588503331503
39,7126636.82717817,2383826.4598371,-97.141993,33.2122236,100,UNT-Denton,Facilities, , ,Completed 131202,0332,UNT Speech & Hearing Center,UNT Building,1,None,Y,All,\\aits-gispd.unt.ad.unt.edu\arcgisdata$\ProdData\data\IMG\_pic\,BLDG_CARTO, ,9323.60253906,424.086761631,1241.09765625,154.877724644576
40,7126374.25563348,2383801.43686692,-97.1420353,33.2114784,100,UNT-Denton,Facilities, , , ,0330,East Classroom Bldg,UNT Building,1,None,N,none,\\aits-gispd.unt.ad.unt.edu\arcgisdata$\ProdData\data\IMG\_pic\,BLDG_CARTO,Built in 1998.,4393.04882813,265.210708535,584.765625,96.7552320666808
41,7125824.113019,2383665.65388172,-97.1424656,33.2099731,100,UNT-Denton,Facilities-Auxiliary, , , ,0354,Sorority Row House E,UNT Building,6,None,N,none,\\aits-gispd.unt.ad.unt.edu\arcgisdata$\ProdData\data\IMG\_pic\,BLDG_CARTO,Built in 2004.,4845.01953125,295.531407675,644.8828125,107.85317780417
42,7125717.80713476,2383830.91523676,-97.1419586,33.2096807,100,UNT-Denton,Facilities-Auxiliary, , , ,0750,Business Services Warehouse,UNT Building,3,None,N,none,\\aits-gispd.unt.ad.unt.edu\arcgisdata$\ProdData\data\IMG\_pic\,BLDG_CARTO,Built in 1991.,11400.3271484,443.212402333,1517.4609375,161.599494363013
43,7125724.6591936,2383670.33478686,-97.1424746,33.2097039,100,UNT-Denton,Facilities-Auxiliary, , , ,0355,Sorority Row House F,UNT Building,6,None,N,none,\\aits-gispd.unt.ad.unt.edu\arcgisdata$\ProdData\data\IMG\_pic\,BLDG_CARTO,Built in 2004.,4958.09472656,296.646321773,659.94921875,108.255553042094
44,7126605.2132379,2381659.58237876,-97.1490203,33.2121965,100,UNT-Denton,Facilities, , , ,0141,Life Sciences Complex,UNT Building,1,Gold,N,none,\\aits-gispd.unt.ad.unt.edu\arcgisdata$\ProdData\data\IMG\_pic\,BLDG_CARTO,"First building on UNT campus to become ""LEED"" certified.",45649.7158203,1263.77951211,6076.62890625,460.984790267107
45,7126577.1780009,2381996.1199375,-97.1479211,33.2121076,100,UNT-Denton,Facilities, , , ,0111,Sycamore Hall,UNT Building,1,None,N,none,\\aits-gispd.unt.ad.unt.edu\arcgisdata$\ProdData\data\IMG\_pic\,BLDG_CARTO,"Built in 1937, this building was called the Information Science Building until 2011.",31174.0009766,1157.99703627,4149.69140625,422.496223340765
46,7126592.30648462,2382355.78357353,-97.1467337,33.2121003,100,UNT-Denton,Facilities, , ,"NE/SE facade needs offsets taped off; footprint under roof on E/W porches?",0104,Sage Hall,UNT Building,1,None,N,none,\\aits-gispd.unt.ad.unt.edu\arcgisdata$\ProdData\data\IMG\_pic\,BLDG_CARTO,"Originally the Business Administration Bldg, the name was changed to Sage Hall on August 15th, 2011.",28911.4873047,1030.14325954,3848.51953125,375.87199669884
47,7126561.48031193,2382705.94763848,-97.1456902,33.2120796,100,UNT-Denton,Facilities, , , ,0140,"Radio,TV, Film & Performing Arts",UNT Building,1,None,Y,Theater,\\aits-gispd.unt.ad.unt.edu\arcgisdata$\ProdData\data\IMG\_pic\,BLDG_CARTO,Built in 1968.,64609.875,1186.13007525,8600.48046875,432.698248870885
48,7126964.68940456,2381487.99663543,-97.1495662,33.2131906,100,UNT-Denton,Facilities, , , ,0131,Terrill Hall,UNT Building,1,None,Y,Psychology Clinic,\\aits-gispd.unt.ad.unt.edu\arcgisdata$\ProdData\data\IMG\_pic\,BLDG_CARTO,"Named after Menter B. Terrill, who was president of the then-private North Texas Normal College from 1894 until it became a state normal college in 1901.",17956.7753906,887.066051994,2390.34765625,323.629018670143
49,7126966.58196751,2381678.7493536,-97.1489424,33.213189,100,UNT-Denton,Facilities, , , ,0130,Marquis Hall,UNT Building,1,None,N,none,\\aits-gispd.unt.ad.unt.edu\arcgisdata$\ProdData\data\IMG\_pic\,BLDG_CARTO,"Named after Dr. Robert Lincoln Marquis, who was president of UNT under the name of North Texas State Teachers College from 1923-1934.",17744.5957031,623.997631754,2362.12109375,227.871645167807
50,7126967.22334101,2381916.28227885,-97.1482025,33.2131674,100,UNT-Denton,Facilities, , , ,0108,General Academic Bldg,UNT Building,1,None,N,none,\\aits-gispd.unt.ad.unt.edu\arcgisdata$\ProdData\data\IMG\_pic\,BLDG_CARTO,Built in 1978.,32172.5576172,735.369781062,4282.72265625,268.438812491277
51,7126893.20123569,2382257.25576049,-97.147028,33.2129611,100,UNT-Denton,Facilities, , , ,0506,Power Plant,UNT Building,4,None,N,none,\\aits-gispd.unt.ad.unt.edu\arcgisdata$\ProdData\data\IMG\_pic\,BLDG_CARTO,"Built in 1915, this is the second oldest building standing on campus.",9438.8515625,464.299931177,1256.4609375,169.344055392505
52,7126942.00970969,2382389.89674301,-97.1466173,33.2130886,100,UNT-Denton,Facilities, , , ,0119,Physics Bldg,UNT Building,1,None,N,none,\\aits-gispd.unt.ad.unt.edu\arcgisdata$\ProdData\data\IMG\_pic\,BLDG_CARTO,"Built in 1960, this building was placed in the previous location of the Psychology Department and Industrial Arts.",13426.8955078,559.567628441,1787.34375,204.279737901639
53,7127019.80319167,2382214.18579331,-97.1471895,33.2133164,100,UNT-Denton,Facilities, , , ,0524,Power Plant Cooling Towers,UNT Building,4,None,N,none,\\aits-gispd.unt.ad.unt.edu\arcgisdata$\ProdData\data\IMG\_pic\,BLDG_CARTO,Built in 1959.,1356.69921875,155.772006041,180.60546875,56.8774095114899
54,7127093.07656826,2382392.8610849,-97.1466553,33.2135195,100,UNT-Denton,Facilities, , , ,0107,Curry Hall,UNT Building,1,None,N,none,\\aits-gispd.unt.ad.unt.edu\arcgisdata$\ProdData\data\IMG\_pic\,BLDG_CARTO,"Named after Dr. O.J. Curry, who was the first dean of College of Business Administration from 1946-1974.",9267.1171875,477.21840839,1233.609375,174.013804684532
55,7128002.27345275,2382866.20287979,-97.1450163,33.2159934,101,UNT-Denton,Facilities, , , ,0134,Oak Street Hall Annex,UNT Building,1,None,N,none,\\aits-gispd.unt.ad.unt.edu\arcgisdata$\ProdData\data\IMG\_pic\,BLDG_CARTO,"Built in 2001, this building houses the P.R.I.N.T Press, established in 1993.",5193.66113281,305.867724295,691.41015625,111.688196037877
56,7128061.46797361,2382798.76092271,-97.1452336,33.216175,101,UNT-Denton,Facilities, , , ,0132,Oak Street Hall,UNT Building,1,None,N,none,\\aits-gispd.unt.ad.unt.edu\arcgisdata$\ProdData\data\IMG\_pic\,BLDG_CARTO,Built in 1947.,22629.1884766,1139.51997653,3012.54296875,415.816990295912
57,7127270.29795835,2381349.6132217,-97.1500059,33.2140353,100,UNT-Denton,Facilities, , , ,0112,Chemistry Bldg,UNT Building,1,None,N,none,\\aits-gispd.unt.ad.unt.edu\arcgisdata$\ProdData\data\IMG\_pic\,BLDG_CARTO, ,36134.6640625,1125.4546177,4810.25390625,410.25860837634
58,7127348.14907008,2381531.25589685,-97.1494086,33.2142429,100,UNT-Denton,Facilities, , ,Former #0146,-99,Chemistry Cylinder Storage,Shed,UNK,None,N,none,\\aits-gispd.unt.ad.unt.edu\arcgisdata$\ProdData\data\IMG\_pic\,BLDG_CARTO, ,168.9375,70.6399617079,22.49609375,25.8044357777507
59,7127444.56942427,2381673.8908935,-97.1489382,33.2145029,100,UNT-Denton,Facilities, , , ,0114,Science Research Building Storage,UNT Building,4,None,N,none,\\aits-gispd.unt.ad.unt.edu\arcgisdata$\ProdData\data\IMG\_pic\,BLDG_CARTO, ,389.64453125,79.0018104911,51.8671875,28.8267742505162
60,7127352.98398217,2381987.74326857,-97.1479156,33.2142399,100,UNT-Denton,Facilities, , , ,0109,Hickory Hall,UNT Building,1,None,N,none,\\aits-gispd.unt.ad.unt.edu\arcgisdata$\ProdData\data\IMG\_pic\,BLDG_CARTO,Built in 1960 on the site of the first building on campus: the Normal Building.,20689.5390625,758.777924294,2754.1953125,276.832194239193
61,7127252.42604955,2382181.0785121,-97.1472883,33.2139547,100,UNT-Denton,Facilities, , , ,0102,Auditorium-English Bldg,UNT Building,1,None,Y,Main Auditorium,\\aits-gispd.unt.ad.unt.edu\arcgisdata$\ProdData\data\IMG\_pic\,BLDG_CARTO,"Built in 1924, this building is open to special guests, speakers, and classes.",25276.3759766,760.239287803,3364.7734375,277.48957906525
62,7141791.20477479,2381703.60854472,-97.1482374,33.253931,300,UNT-Denton,Facilities, , , ,0192,Discovery Park Grounds Bldg,UNT Building,4,None,N,none,\\aits-gispd.unt.ad.unt.edu\arcgisdata$\ProdData\data\IMG\_pic\,BLDG_CARTO, ,4265.71972656,270.515948868,568.3671875,98.7179241480122
63,7142893.98598802,2381806.2758453,-97.1478551,33.2569581,300,UNT-Denton,Facilities, , , ,0191,Discovery Park Annex,UNT Building,1,None,N,none,\\aits-gispd.unt.ad.unt.edu\arcgisdata$\ProdData\data\IMG\_pic\,BLDG_CARTO, ,2485.76660156,204.256749483,331.21875,74.598405453612
64,7142178.2342322,2380972.05004788,-97.1506141,33.2550205,300,UNT-Denton,Facilities, , , ,0194,Discovery Park Fire Pump House,UNT Building,4,None,N,none,\\aits-gispd.unt.ad.unt.edu\arcgisdata$\ProdData\data\IMG\_pic\,BLDG_CARTO, ,1674.75488281,177.26662186,223.1484375,64.6773339505827
65,7142132.09310583,2380177.52845887,-97.153215,33.2549217,300,UNT-Denton,Facilities, , , ,-99,DP Park,Pavilion,UNK,Unknown,N,none,\\aits-gispd.unt.ad.unt.edu\arcgisdata$\ProdData\data\IMG\_pic\,BLDG_CARTO, ,822.575195313,122.181450331,109.6015625,44.6148789440426
66,7122544.83137717,2377741.84044351,-97.1619982,33.201171,201,UNT-Denton,Facilities, , , ,0464,MGV Bldg P,UNT Building,1,None,N,none,\\aits-gispd.unt.ad.unt.edu\arcgisdata$\ProdData\data\IMG\_pic\,BLDG_CARTO,Built in 2007.,6071.99511719,389.036625697,808.078125,142.085070426021
67,7122464.09588417,2377536.9723097,-97.1626716,33.2009603,201,UNT-Denton,Athletics, , , ,-99,MGV Softball Bleachers,Bleachers,UNK,Unknown,N,none,\\aits-gispd.unt.ad.unt.edu\arcgisdata$\ProdData\data\IMG\_pic\,BLDG_CARTO, ,2934.6328125,276.970692056,390.5546875,101.038315581497
68,7121993.24516716,2377670.12559706,-97.1622559,33.1996616,201,UNT-Denton,Facilities, , , ,0451,MGV Bldg B-College Of Education,UNT Building,1,None,N,none,\\aits-gispd.unt.ad.unt.edu\arcgisdata$\ProdData\data\IMG\_pic\,BLDG_CARTO,Built in 1975.,13380.4521484,615.789396171,1780.6171875,224.732384610685
69,7122368.19626594,2377696.50302905,-97.162154,33.2006912,201,UNT-Denton,Athletics, , , ,-99,MGV Soccer Pavilion,Pavilion,UNK,Unknown,N,none,\\aits-gispd.unt.ad.unt.edu\arcgisdata$\ProdData\data\IMG\_pic\,BLDG_CARTO, ,210.03515625,60.9052888708,27.9609375,22.2023416065197
70,7122361.20836398,2377743.89087949,-97.1619994,33.2006703,201,UNT-Denton,Athletics, , , ,-99,MGV Soccer Stadium Concessions,Building,UNK,Unknown,N,none,\\aits-gispd.unt.ad.unt.edu\arcgisdata$\ProdData\data\IMG\_pic\,BLDG_CARTO, ,342,76.4998470247,45.515625,27.9240310129779
71,7121751.10830704,2377503.9961895,-97.162809,33.1990019,201,UNT-Denton,Athletics, , , ,0457,Olympic Sports Complex,UNT Building,3,None,N,none,\\aits-gispd.unt.ad.unt.edu\arcgisdata$\ProdData\data\IMG\_pic\,BLDG_CARTO,Gayle and Virgil Strange Student Athletic Academic Center,21827.9492188,757.376940053,2904.7421875,276.393743638353
72,7121761.47434716,2377645.99020401,-97.1623444,33.1990255,201,UNT-Denton,Athletics, , , ,0456,Ernie Kuehne Basketball Practice Facility,UNT Building,3,None,N,none,\\aits-gispd.unt.ad.unt.edu\arcgisdata$\ProdData\data\IMG\_pic\,BLDG_CARTO,"Named after Ernie Kuehne, who initiated fund raising for the basketball parctice facility.",14771.9785156,554.899499818,1965.7734375,202.625921947598
73,7121764.59634308,2377809.04044762,-97.1618113,33.1990283,201,UNT-Denton,Auxiliary Service, , , ,0452,MGV Bldg C-Provost Office,UNT Building,1,None,N,none,\\aits-gispd.unt.ad.unt.edu\arcgisdata$\ProdData\data\IMG\_pic\,BLDG_CARTO,Built in 1990.,2863.7109375,241.060335258,381.08203125,87.9887131564132
74,7121857.00040332,2378261.68344047,-97.160333,33.1992641,200,UNT-Denton,Athletics, , , ,0304,Waranch Tennis Complex,UNT Building,3,None,Y,All,\\aits-gispd.unt.ad.unt.edu\arcgisdata$\ProdData\data\IMG\_pic\,BLDG_CARTO,Built in 2005.,4692.47460938,292.909855385,624.45703125,106.787044614223
75,7122970.95504228,2378957.26417481,-97.1580482,33.2022942,200,UNT-Denton,Facilities-Auxiliary, , , ,0189,Victory Hall,UNT Building,6,None,N,none,\\aits-gispd.unt.ad.unt.edu\arcgisdata$\ProdData\data\IMG\_pic\,BLDG_CARTO,Built in 2004 to house student athletes near Apogee Stadium and Mean Green Village.,60202.8984375,2750.00692491,8012.13671875,1003.34713971516
76,7122552.26948931,2378396.99359704,-97.1598564,33.2011725,200,UNT-Denton,Athletics, , , ,-99,Football Practice Field Shed,Shed,UNK,Unknown,N,none,\\aits-gispd.unt.ad.unt.edu\arcgisdata$\ProdData\data\IMG\_pic\,BLDG_CARTO, ,131.596679688,48.8982817555,17.51171875,17.8527890753094
77,7122548.68875476,2378425.68651358,-97.1597627,33.2011617,200,UNT-Denton,Athletics, , , ,-99,Football Practice Field Shed,Shed,UNK,Unknown,N,none,\\aits-gispd.unt.ad.unt.edu\arcgisdata$\ProdData\data\IMG\_pic\,BLDG_CARTO, ,70.5986328125,34.3299187244,9.39453125,12.5296945251785
78,7124452.95256117,2379819.81031185,-97.1550339,33.2063395,100,UNT-Denton,Facilities, , , ,0129,Performing Arts Center,UNT Building,1,None,Y,All,\\aits-gispd.unt.ad.unt.edu\arcgisdata$\ProdData\data\IMG\_pic\,BLDG_CARTO,"Built in 1998, this building is named after Lucille ""Lupe"" Murchison, who was a former member of UNT's board of regents and a known philanthropist.",43753.6132813,930.909663609,5823.45703125,339.647383764163
79,7124513.93707803,2379617.03224943,-97.1557784,33.2065118,100,UNT-Denton,Facilities, , , ,0306,Performing Arts Annex,UNT Building,1,None,N,none,\\aits-gispd.unt.ad.unt.edu\arcgisdata$\ProdData\data\IMG\_pic\,BLDG_CARTO,Built in 1977.,4852.3515625,276.503584031,645.828125,100.864434256279
80,7126658.82058336,2379110.36956038,-97.1573527,33.2124337,100,UNT-Denton,Facilities, , , ,0504,Facilities Paint Shop,UNT Building,4,None,N,none,\\aits-gispd.unt.ad.unt.edu\arcgisdata$\ProdData\data\IMG\_pic\,BLDG_CARTO,Built in 1948.,5836.98339844,377.696811014,776.98828125,137.952619258267
81,7126615.21062303,2379218.74094468,-97.1570002,33.21231,100,UNT-Denton,Facilities, , , ,0502,Facilities Carpenter Shop,UNT Building,4,None,N,none,\\aits-gispd.unt.ad.unt.edu\arcgisdata$\ProdData\data\IMG\_pic\,BLDG_CARTO,Built in 1946.,4286.97265625,304.777466723,570.65234375,111.102799202263
82,7126480.01603668,2379197.28430472,-97.157076,33.2119392,100,UNT-Denton,Facilities, , , ,0510,Facilities Service Bldg,UNT Building,4,None,N,none,\\aits-gispd.unt.ad.unt.edu\arcgisdata$\ProdData\data\IMG\_pic\,BLDG_CARTO,Built in 1977.,18704.1591797,572.105115944,2489.77734375,208.705155270081
83,7126670.57388589,2379260.23557386,-97.1568622,33.2124607,100,UNT-Denton,Facilities, , , ,-99,Golf Cart Shed,Shed,UNK,Unknown,N,none,\\aits-gispd.unt.ad.unt.edu\arcgisdata$\ProdData\data\IMG\_pic\,BLDG_CARTO, ,373.354492188,77.2685400961,49.6953125,28.1868314195992
84,7126731.17970683,2379299.04532694,-97.1567328,33.2126259,100,UNT-Denton,Facilities, , , ,0507,Facilities Plaster Shed,UNT Building,4,None,N,none,\\aits-gispd.unt.ad.unt.edu\arcgisdata$\ProdData\data\IMG\_pic\,BLDG_CARTO,Built in 1970.,636.538085938,121.630454866,84.73046875,44.3187379105207
85,7126715.93369725,2379384.41745535,-97.1564543,33.212581,100,UNT-Denton,Facilities, , , ,0519,Facilities Warehouse 5,UNT Building,4,None,N,none,\\aits-gispd.unt.ad.unt.edu\arcgisdata$\ProdData\data\IMG\_pic\,BLDG_CARTO,Built in 1948.,5084.11914063,325.856403254,676.7734375,118.753716085068
86,7126666.17516197,2379373.42451908,-97.1564923,33.2124447,100,UNT-Denton,Facilities, , , ,0513,Facilities Custodial Services,UNT Building,4,None,N,none,\\aits-gispd.unt.ad.unt.edu\arcgisdata$\ProdData\data\IMG\_pic\,BLDG_CARTO,Built in 1947.,5087.54492188,299.505092128,677.23828125,109.196069652306
87,7126645.67496869,2379470.17482955,-97.1561769,33.2123849,100,UNT-Denton,Facilities, , , ,0500,Facilities Grounds Bldg,UNT Building,4,None,N,none,\\aits-gispd.unt.ad.unt.edu\arcgisdata$\ProdData\data\IMG\_pic\,BLDG_CARTO,Built in 2002.,5698.53613281,302.395377234,758.5546875,110.313584716301
88,7126663.11929801,2379597.44581935,-97.15576,33.2124284,100,UNT-Denton,Facilities, , , ,-99,Facilities Grounds Shed,Shed,UNK,Unknown,N,none,\\aits-gispd.unt.ad.unt.edu\arcgisdata$\ProdData\data\IMG\_pic\,BLDG_CARTO, ,3142.86523438,339.313653782,418.359375,124.017245102166
89,7126518.63402798,2379385.28441359,-97.1564597,33.2120388,100,UNT-Denton,Facilities, , , ,0501,Facilities Office Bldg,UNT Building,4,None,N,none,\\aits-gispd.unt.ad.unt.edu\arcgisdata$\ProdData\data\IMG\_pic\,BLDG_CARTO,Built in 1948.,7360.78710938,363.054257983,979.828125,132.359468677664
90,7126419.7698412,2379611.14643595,-97.1557254,33.2117591,100,UNT-Denton,Facilities-Auxiliary, , , ,0181,West Hall,UNT Building,6,None,N,none,\\aits-gispd.unt.ad.unt.edu\arcgisdata$\ProdData\data\IMG\_pic\,BLDG_CARTO,Built in 1957.,42333.3388672,1951.64867547,5635.1328125,711.190567480855
91,7126437.90760948,2379508.17661798,-97.1560613,33.2118126,100,UNT-Denton,Facilities-Auxiliary, , , ,-99,West Hall Chiller,Equipment,UNK,Unknown,N,none,\\aits-gispd.unt.ad.unt.edu\arcgisdata$\ProdData\data\IMG\_pic\,BLDG_CARTO, ,171.338867188,52.5171670582,22.8046875,19.1572689480476
92,7126471.01387215,2379647.34093201,-97.1556049,33.2118987,100,UNT-Denton,Facilities-Auxiliary, , , ,-99,West Hall Greenhouse,Greenhouse,UNK,Unknown,N,none,\\aits-gispd.unt.ad.unt.edu\arcgisdata$\ProdData\data\IMG\_pic\,BLDG_CARTO, ,91.306640625,39.4554475709,12.15625,14.3868481660099
93,7126306.03102122,2379180.7524556,-97.1571373,33.2114616,100,UNT-Denton,Facilities, , , ,0522,Facilities Warehouse 2,UNT Building,4,None,N,none,\\aits-gispd.unt.ad.unt.edu\arcgisdata$\ProdData\data\IMG\_pic\,BLDG_CARTO,Built in 1967.,9402.4375,403.982358823,1251.578125,147.458900195281
94,7125705.0616905,2378631.49824075,-97.158962,33.2098441,100,UNT-Denton,Facilities, , , ,0530,University Services Bldg,UNT Building,1,None,N,none,\\aits-gispd.unt.ad.unt.edu\arcgisdata$\ProdData\data\IMG\_pic\,BLDG_CARTO,Built in 1985.,48634.7216797,977.658460937,6473.62890625,356.675926385825
95,7125502.49799739,2378448.57439206,-97.1595647,33.209279,100,UNT-Denton,Facilities, , , ,0528,Chemical Waste Holding Bldg 2,UNT Building,1,None,N,none,\\aits-gispd.unt.ad.unt.edu\arcgisdata$\ProdData\data\IMG\_pic\,BLDG_CARTO, ,490.455078125,88.5851585429,65.27734375,32.319251629836
96,7125477.04286665,2378471.72781875,-97.1594901,33.2092082,100,UNT-Denton,Facilities, , , ,0527,Chemical Waste Holding Bldg 1,UNT Building,1,None,N,none,\\aits-gispd.unt.ad.unt.edu\arcgisdata$\ProdData\data\IMG\_pic\,BLDG_CARTO, ,491.525390625,88.6812710036,65.421875,32.3543003635965
97,7125945.60179803,2379266.78917022,-97.1567945,33.2104724,100,UNT-Denton,Facilities-Auxiliary, , , ,0185,Santa Fe Square Hall,UNT Building,6,None,N,none,\\aits-gispd.unt.ad.unt.edu\arcgisdata$\ProdData\data\IMG\_pic\,BLDG_CARTO,Built in 1997 for upper classmen.,13453.8378906,654.928904058,1790.82421875,238.625775177246
98,7125965.75253064,2379605.61708871,-97.1556815,33.2105073,100,UNT-Denton,Facilities-Auxiliary, , , ,0187,Traditions Hall,UNT Building,6,None,N,none,\\aits-gispd.unt.ad.unt.edu\arcgisdata$\ProdData\data\IMG\_pic\,BLDG_CARTO,"Built in 2003 as a sister dorm to Santa Fe Square. Together, they are referred to as Santa Fe and Traditions.",28062.8535156,1646.120534,3735.4375,599.814928863066
99,7125041.75826931,2379371.79811679,-97.1565685,33.2079774,100,UNT-Denton,Athletics, , ,incomplete,0308,Track & Field Building,UNT Building,3,None,N,none,\\aits-gispd.unt.ad.unt.edu\arcgisdata$\ProdData\data\IMG\_pic\,BLDG_CARTO, ,8937.4296875,398.349567321,1189.59765625,145.381166716118
100,7124919.19953865,2379369.72994792,-97.1565785,33.2076379,100,UNT-Denton,Facilities, , , ,0305,AFROTC Building,UNT Building,1,None,N,none,\\aits-gispd.unt.ad.unt.edu\arcgisdata$\ProdData\data\IMG\_pic\,BLDG_CARTO,"Opened on September 21, 1951 with approximately 500 cadets under command of Lt Col D. B. Orr.",8585.265625,372.196314778,1142.6875,135.815456083325
101,7125503.1455419,2378940.84103316,-97.1579553,33.2092635,100,UNT-Denton,Athletics, , , ,-99,Fouts Field Shed,Shed,UNK,Unknown,N,none,\\aits-gispd.unt.ad.unt.edu\arcgisdata$\ProdData\data\IMG\_pic\,BLDG_CARTO, ,393.817382813,80.5726041908,52.41796875,29.3831922973308
102,7125029.35584992,2378727.59580414,-97.1586722,33.2079688,100,UNT-Denton,Athletics, , , ,-99,Stadium Shed,Shed,UNK,Unknown,N,none,\\aits-gispd.unt.ad.unt.edu\arcgisdata$\ProdData\data\IMG\_pic\,BLDG_CARTO, ,159.65234375,56.1333944517,21.25,20.4885416408557
103,7122814.04782486,2379624.62617381,-97.1558322,33.2018489,200,UNT-Denton,Facilities, , , ,0546,Eagle Point East Pump House,UNT Building,4,None,N,none,\\aits-gispd.unt.ad.unt.edu\arcgisdata$\ProdData\data\IMG\_pic\,BLDG_CARTO, ,247.940429688,64.7298680795,32.99609375,23.6082820876207
104,7126643.4366025,2380912.48440327,-97.1514613,33.212328,100,UNT-Denton,Facilities-Auxiliary, , , ,0176,McConnell Hall,UNT Building,6,None,Y,All,\\aits-gispd.unt.ad.unt.edu\arcgisdata$\ProdData\data\IMG\_pic\,BLDG_CARTO,"Named after Dr. W. Joseph McConnell, who was president of UNT from 1934-1951.",36132.75,1713.56794816,4809.8046875,625.107547075272
105,7127148.74958305,2380154.33121532,-97.1539236,33.213722,100,UNT-Denton,Facilities-Auxiliary, , , ,0183,College Inn,UNT Building,2,None,N,none,\\aits-gispd.unt.ad.unt.edu\arcgisdata$\ProdData\data\IMG\_pic\,BLDG_CARTO,Built in 1970 as a year-round housing option for upper-classmen and graduate students.,52375.2333984,1917.64833261,6972.14453125,698.737232266134
106,7127427.65840437,2380706.64432181,-97.1521014,33.2144905,100,UNT-Denton,Facilities, , , ,0162,Environmental Science Greenhouse,UNT Building,1,None,N,none,\\aits-gispd.unt.ad.unt.edu\arcgisdata$\ProdData\data\IMG\_pic\,BLDG_CARTO,Built in 2008 as a research facilit.,1260.05859375,143.402880669,167.73828125,52.3390260655694
107,7126982.77541,2380323.56996254,-97.1533725,33.2132814,100,UNT-Denton,Facilities-Auxiliary, , , ,0174,Legends Mechanical Bldg,UNT Building,4,None,N,none,\\aits-gispd.unt.ad.unt.edu\arcgisdata$\ProdData\data\IMG\_pic\,BLDG_CARTO, ,1150.82519531,136.220741102,153.18359375,49.6904077346276
108,7126910.00187982,2380113.23930596,-97.1540633,33.2130888,100,UNT-Denton,Facilities-Auxiliary, , , ,0172,Legends Hall,UNT Building,6,None,N,none,\\aits-gispd.unt.ad.unt.edu\arcgisdata$\ProdData\data\IMG\_pic\,BLDG_CARTO, ,27868.6591797,1331.73676325,3709.7890625,485.851692700017
109,7126514.45546284,2380152.44348986,-97.1540708,33.2120531,100,UNT-Denton,Rec Sports, , , ,0118,Pohl Recreation Center,UNT Building,3,None,Y,All,\\aits-gispd.unt.ad.unt.edu\arcgisdata$\ProdData\data\IMG\_pic\,BLDG_CARTO,"Named after 200-2006 UNT president, Norval Pohl.",108528.871094,1805.86891961,14446.7109375,658.666518544573
110,7126898.32679008,2379881.52489666,-97.1548156,33.2130642,100,UNT-Denton,Facilities, , , ,0864,North Texas Lofts,UNT Building,1,None,N,none,\\aits-gispd.unt.ad.unt.edu\arcgisdata$\ProdData\data\IMG\_pic\,BLDG_CARTO,"Built in 1984, this building currently holds the Office of Sustainability.",3402.71777344,252.709968766,452.9609375,92.2852528615516
111,7127405.99026873,2380925.2529343,-97.1513875,33.2144233,100,UNT-Denton,Facilities, , , ,-99,Elm Fork Pavillion,Pavilion,UNK,Unknown,N,none,\\aits-gispd.unt.ad.unt.edu\arcgisdata$\ProdData\data\IMG\_pic\,BLDG_CARTO, ,797.3046875,120.863941792,106.13671875,44.0701797861688
112,7127422.04929199,2380967.1521214,-97.1512499,33.2144659,100,UNT-Denton,Facilities, , , ,-99,Elm Fork Pavillion,Pavilion,UNK,Unknown,N,none,\\aits-gispd.unt.ad.unt.edu\arcgisdata$\ProdData\data\IMG\_pic\,BLDG_CARTO, ,265.178710938,82.0683034297,35.30078125,29.925861493839
113,7125769.49968467,2380294.86843438,-97.1535276,33.2099434,100,UNT-Denton,Facilities, , , ,0116,Ken Bahnsen Gym,UNT Building,1,None,Y,All,\\aits-gispd.unt.ad.unt.edu\arcgisdata$\ProdData\data\IMG\_pic\,BLDG_CARTO,"Named after assistant football and tennis coach, Ken Bahnsen, who was inducted into the North Texas Athletic Hall of fame in 1991.",29568.3066406,775.482506397,3935.765625,282.823294779785
114,7126117.19665225,2380465.35509916,-97.1529673,33.210908,100,UNT-Denton,Facilities, , , ,0117,Physical Education Building,UNT Building,1,None,Y,All,\\aits-gispd.unt.ad.unt.edu\arcgisdata$\ProdData\data\IMG\_pic\,BLDG_CARTO,Built in 1979.,75691.9619141,1385.80155367,10075.3828125,505.848007161161
115,7124676.15025671,2380265.11271325,-97.1536603,33.206944,100,UNT-Denton,Facilities, , , ,0312,Gateway Information Booth,UNT Building,1,None,N,none,\\aits-gispd.unt.ad.unt.edu\arcgisdata$\ProdData\data\IMG\_pic\,BLDG_CARTO,Built in 2001 with the Gateway Center.,52.3349609375,29.2109358425,6.96484375,10.6570136825952
116,7124487.9806048,2380591.07705164,-97.1526025,33.2064154,100,UNT-Denton,Facilities-Auxiliary, , , ,0186,Mozart Square Hall,UNT Building,6,None,N,none,\\aits-gispd.unt.ad.unt.edu\arcgisdata$\ProdData\data\IMG\_pic\,BLDG_CARTO,"Built in 1999, this building houses the UNT basketball teams.",25424.8076172,1159.66457056,3383.96875,422.711853892597
117,7125151.86151386,2379369.84464172,-97.1565674,33.2082829,100,UNT-Denton,Facilities, , , ,0310,Risk Management Center,UNT Building,1,None,N,none,\\aits-gispd.unt.ad.unt.edu\arcgisdata$\ProdData\data\IMG\_pic\,BLDG_CARTO,Built in 1986.,6175.77929688,315.522285359,822.01171875,115.136179278259
118,7125649.88860434,2383693.8792537,-97.142391,33.2095101,100,UNT-Denton,Facilities-Auxiliary, , , ,0356,Sorority Row House G,UNT Building,6,None,N,none,\\aits-gispd.unt.ad.unt.edu\arcgisdata$\ProdData\data\IMG\_pic\,BLDG_CARTO,Built in 2004.,4685.31542969,307.141895149,623.64453125,111.99164930049
119,7125829.76795859,2383895.94478984,-97.1417478,33.2099849,100,UNT-Denton,Facilities-Auxiliary, , , ,0350,Sorority Row House A,UNT Building,6,None,N,none,\\aits-gispd.unt.ad.unt.edu\arcgisdata$\ProdData\data\IMG\_pic\,BLDG_CARTO,Built in 2004.,4704.46777344,294.78592089,626.2265625,107.580568244786
120,7125894.30592714,2383860.98251094,-97.1418492,33.2101591,100,UNT-Denton,Facilities-Auxiliary, , , ,0351,Sorority Row House B,UNT Building,6,None,N,none,\\aits-gispd.unt.ad.unt.edu\arcgisdata$\ProdData\data\IMG\_pic\,BLDG_CARTO,Built in 2004.,4549.93066406,297.5783282,605.625,108.5017645712
121,7125886.55760904,2383788.76247661,-97.1420923,33.2101337,100,UNT-Denton,Facilities-Auxiliary, , , ,0352,Sorority Row House C,UNT Building,6,None,N,none,\\aits-gispd.unt.ad.unt.edu\arcgisdata$\ProdData\data\IMG\_pic\,BLDG_CARTO,Built in 2004.,4468.99804688,275.180842297,594.85546875,100.391014465839
122,7125895.64345057,2383703.36306782,-97.1423742,33.2101636,100,UNT-Denton,Facilities-Auxiliary, , , ,0353,Sorority Row House D,UNT Building,6,None,N,none,\\aits-gispd.unt.ad.unt.edu\arcgisdata$\ProdData\data\IMG\_pic\,BLDG_CARTO,Built in 2004.,4675.51464844,300.325826038,622.33984375,109.508206095969
123,7122080.01388046,2377561.50049606,-97.1626074,33.1999039,201,UNT-Denton,Athletics, , , ,0466,MGV Soccer Field Box,UNT Building,3,None,N,none,\\aits-gispd.unt.ad.unt.edu\arcgisdata$\ProdData\data\IMG\_pic\,BLDG_CARTO,Built in 2008.,787.830078125,178.397937179,104.84375,64.9603424676756
124,7122021.66126906,2377456.1331831,-97.1629543,33.1997472,201,UNT-Denton,Facilities, , , ,0460,MGV Bldg K-Gayle and Virgil Strange SAAC,UNT Building,1,None,N,none,\\aits-gispd.unt.ad.unt.edu\arcgisdata$\ProdData\data\IMG\_pic\,BLDG_CARTO,Built in 2005.,7980.31054688,396.820106104,1061.9921875,144.893110637512
125,7124885.08359182,2380150.39989655,-97.1537964,33.2074293,100,UNT-Denton,Facilities, , , ,0161,Gateway Center,UNT Building,1,None,Y,Ballroom,\\aits-gispd.unt.ad.unt.edu\arcgisdata$\ProdData\data\IMG\_pic\,BLDG_CARTO,Built in 2001.,61170.6035156,1647.17033564,8141.84765625,600.60155479233
126,7127252.1477664,2381582.49063278,-97.1492451,33.2139773,100,UNT-Denton,Facilities, , , ,0143,Science Research Building Greenhouse,UNT Building,1,None,N,none,\\aits-gispd.unt.ad.unt.edu\arcgisdata$\ProdData\data\IMG\_pic\,BLDG_CARTO,Built in 2006.,982.514648438,135.712312438,130.79296875,49.560199137819
127,7127299.3031435,2381691.24023817,-97.1488932,33.2141021,100,UNT-Denton,Facilities, , , ,0103,Science Research Bldg,UNT Building,1,None,N,none,\\aits-gispd.unt.ad.unt.edu\arcgisdata$\ProdData\data\IMG\_pic\,BLDG_CARTO,"Built in 1985, this building was recently renovated to foster collaboration between researchers with open concept designs.",35101.4052734,895.782219412,4672.6953125,326.816009134058
128,7124874.85837556,2382021.47158734,-97.1479099,33.2074281,100,UNT-Denton,Facilities-Auxiliary, , , ,-99,Kerr Hall Freezer,Equipment,UNK,Unknown,N,none,\\aits-gispd.unt.ad.unt.edu\arcgisdata$\ProdData\data\IMG\_pic\,BLDG_CARTO, ,127.767578125,46.8828046729,17.00390625,17.1146445870409
129,7119881.99910752,2388228.84013275,-97.1278278,33.1934841,401,UNT-Denton,Facilities, , , ,0138,Kristin Farmer Autism Center,UNT Building,1,None,Y,All,\\aits-gispd.unt.ad.unt.edu\arcgisdata$\ProdData\data\IMG\_pic\,BLDG_CARTO,"Named after UNT Alumni Kristen Farmer, who collaborated with UNT to build a center that would help educate students and teachers in the field of special education.",20035.9794922,637.237318793,2665.94921875,232.441096201057
130,7124454.73087233,2374453.54924112,-97.1726694,33.2065388,400,UNT-Denton,Facilities, , , ,0170,Library Annex Building,UNT Building,1,None,N,none,\\aits-gispd.unt.ad.unt.edu\arcgisdata$\ProdData\data\IMG\_pic\,BLDG_CARTO,"Built in 1994, to hold large volume series, long runs of periodicals, and overflow material for the main campus libraries.",38586.0234375,916.780165033,5135.703125,334.100560268445
131,7140666.68689288,2380607.85014328,-97.1518689,33.2508792,300,UNT-Denton,Facilities, , , ,0193,Discovery Park Information Booth,UNT Building,1,None,N,none,\\aits-gispd.unt.ad.unt.edu\arcgisdata$\ProdData\data\IMG\_pic\,BLDG_CARTO, ,113.4375,45.5908010598,15.109375,16.6515565451214
132,7140190.50109675,2381825.64259915,-97.1479056,33.2495274,300,UNT-Denton,Facilities, , , ,0195,Discovery Park Irr. Pump House,UNT Building,4,None,N,none,\\aits-gispd.unt.ad.unt.edu\arcgisdata$\ProdData\data\IMG\_pic\,BLDG_CARTO, ,313.0390625,72.2823350996,41.7109375,26.3958626104567
133,7122028.53478673,2363477.79548288,-97.2086502,33.2002467,503,UNT-Denton,Facilities, , , ,0420,RUAC Classroom Bldg 1,UNT Building,1,None,N,none,\\aits-gispd.unt.ad.unt.edu\arcgisdata$\ProdData\data\IMG\_pic\,BLDG_CARTO, ,1554.94042969,177.641277697,206.9296875,64.7335071556534
134,7122026.57875719,2363561.46357198,-97.2083768,33.2002385,503,UNT-Denton,Facilities, , , ,0421,RUAC Classroom Bldg 2,UNT Building,1,None,N,none,\\aits-gispd.unt.ad.unt.edu\arcgisdata$\ProdData\data\IMG\_pic\,BLDG_CARTO, ,1513.70800781,176.034156567,201.44140625,64.1468080842014
135,7122086.12261461,2363498.96683964,-97.2085787,33.2004042,503,UNT-Denton,Facilities, , , ,0426,RUAC Telescope Bldg 3,UNT Building,1,None,N,none,\\aits-gispd.unt.ad.unt.edu\arcgisdata$\ProdData\data\IMG\_pic\,BLDG_CARTO, ,428.126953125,82.7925272173,56.96875,30.2010251770742
136,7122086.05909575,2363539.25037738,-97.208447,33.2004027,503,UNT-Denton,Facilities, , , ,0427,RUAC Telescope Bldg 4,UNT Building,1,None,N,none,\\aits-gispd.unt.ad.unt.edu\arcgisdata$\ProdData\data\IMG\_pic\,BLDG_CARTO, ,421.518554688,82.1435792267,56.08984375,29.9646539316056
137,7122086.22176983,2363573.24850221,-97.2083359,33.200402,503,UNT-Denton,Facilities, , , ,0428,RUAC Telescope Bldg 5,UNT Building,1,None,N,none,\\aits-gispd.unt.ad.unt.edu\arcgisdata$\ProdData\data\IMG\_pic\,BLDG_CARTO, ,423.796875,82.3576532418,56.390625,30.0429337287604
138,7122050.04850702,2363572.06003699,-97.2083412,33.2003026,503,UNT-Denton,Facilities, , , ,0429,RUAC Pump Shed,UNT Building,4,None,N,none,\\aits-gispd.unt.ad.unt.edu\arcgisdata$\ProdData\data\IMG\_pic\,BLDG_CARTO, ,245.485351563,62.7306061842,32.6640625,22.8821086353564
139,7121943.37086296,2363488.23735743,-97.2086195,33.2000123,503,UNT-Denton,Facilities, , , ,0430,RUAC Domed Telescope Bldg 1,UNT Building,1,None,N,none,\\aits-gispd.unt.ad.unt.edu\arcgisdata$\ProdData\data\IMG\_pic\,BLDG_CARTO, ,221.254882813,52.7968123557,29.44140625,19.2602578432057
140,7121942.50304023,2363552.98925231,-97.2084079,33.2000077,503,UNT-Denton,Facilities, , , ,0431,RUAC Domed Telescope Bldg 2,UNT Building,1,None,N,none,\\aits-gispd.unt.ad.unt.edu\arcgisdata$\ProdData\data\IMG\_pic\,BLDG_CARTO, ,215.643554688,52.1372176725,28.6953125,19.0196039408356
141,7121967.57564329,2361137.28838909,-97.216304,33.200158,501,UNT-Denton,Facilities, , , ,0401,Water Research Pump House,UNT Building,4,None,N,none,\\aits-gispd.unt.ad.unt.edu\arcgisdata$\ProdData\data\IMG\_pic\,BLDG_CARTO, ,103.354492188,45.2615172354,13.75390625,16.4943880558502
142,7121923.62595237,2361087.61844446,-97.2164681,33.2000389,501,UNT-Denton,Facilities, , , ,0402,Water Research Storage Shed 1,UNT Building,1,None,N,none,\\aits-gispd.unt.ad.unt.edu\arcgisdata$\ProdData\data\IMG\_pic\,BLDG_CARTO, ,809.352539063,122.730844674,107.71484375,44.7882821046299
143,7121890.8242156,2361115.01669876,-97.2163799,33.1999478,501,UNT-Denton,Facilities, , , ,-99,Water Research Storage Shed 2,Shed,UNK,Unknown,N,none,\\aits-gispd.unt.ad.unt.edu\arcgisdata$\ProdData\data\IMG\_pic\,BLDG_CARTO, ,441.345703125,92.9925808699,58.734375,33.889413183744
144,7121931.59207184,2361365.98327469,-97.2155578,33.2000514,501,UNT-Denton,Facilities, , , ,0404,Water Research Fish Tank House,UNT Building,1,None,N,none,\\aits-gispd.unt.ad.unt.edu\arcgisdata$\ProdData\data\IMG\_pic\,BLDG_CARTO, ,552.435546875,103.749991936,73.5234375,37.8174570181051
145,7122189.0996663,2360919.02708728,-97.2170087,33.2007742,501,UNT-Denton,Facilities, , , ,0405,Water Research Boat Shed,UNT Building,1,None,N,none,\\aits-gispd.unt.ad.unt.edu\arcgisdata$\ProdData\data\IMG\_pic\,BLDG_CARTO, ,2503.45410156,252.06058834,333.1640625,92.0684065502919
146,7122274.12738286,2360912.84235969,-97.2170255,33.201008,501,UNT-Denton,Facilities, , , ,0410,Water Research Trans Cotton Greenhouse,UNT Building,1,None,N,none,\\aits-gispd.unt.ad.unt.edu\arcgisdata$\ProdData\data\IMG\_pic\,BLDG_CARTO, ,967.6875,126.196858379,128.78515625,46.0211062596586
147,7126314.2694223,2379247.97846372,-97.1569172,33.2114819,100,UNT-Denton,Facilities, , , ,0521,Facilities Warehouse 1,UNT Building,4,None,N,none,\\aits-gispd.unt.ad.unt.edu\arcgisdata$\ProdData\data\IMG\_pic\,BLDG_CARTO,Built in 1964.,5085.05957031,301.896995543,676.8828125,110.230900762016
148,7126303.53181746,2379116.8713079,-97.1573463,33.211457,100,UNT-Denton,Facilities, , , ,0523,Facilities Warehouse 3,UNT Building,4,None,N,none,\\aits-gispd.unt.ad.unt.edu\arcgisdata$\ProdData\data\IMG\_pic\,BLDG_CARTO,Built in 1964.,5841.43261719,337.937063194,777.5625,123.41868515489
149,7124694.96659482,2374477.53400499,-97.172581,33.2071982,400,UNT-Denton,Facilities, , , ,0531,Library Annex Surplus Warehouse,UNT Building,1,None,N,none,\\aits-gispd.unt.ad.unt.edu\arcgisdata$\ProdData\data\IMG\_pic\,BLDG_CARTO,Built in 1995.,29685.0957031,887.762202825,3951.0546875,323.40255028047
150,7123892.94780376,2378239.15384837,-97.1603165,33.2048627,200,UNT-Denton,Facilities, , , ,0545,Eagle Point West Pump House,UNT Building,4,None,N,none,\\aits-gispd.unt.ad.unt.edu\arcgisdata$\ProdData\data\IMG\_pic\,BLDG_CARTO, ,219.438476563,62.5437870396,29.1953125,22.8002631211117
151,7126755.85334963,2376782.23743153,-97.1649454,33.2127814,402,UNT-Denton,Facilities, , , ,0751,Research Collections Library,UNT Building,1,None,N,none,\\aits-gispd.unt.ad.unt.edu\arcgisdata$\ProdData\data\IMG\_pic\,BLDG_CARTO, ,31332.7724609,827.53987229,4170.90234375,301.562528324052
152,7124056.19988673,2374522.0802023,-97.1724618,33.2054411,400,UNT-Denton,Facilities, , , ,0850,Library Annex Rec Sports Equip,UNT Building,3,None,N,none,\\aits-gispd.unt.ad.unt.edu\arcgisdata$\ProdData\data\IMG\_pic\,BLDG_CARTO,Built in 1997.,1845.19042969,171.985285321,245.58984375,62.744273859856
153,7125405.20299113,2382080.29736988,-97.1476583,33.2088775,100,UNT-Denton,Facilities, , , ,0156,Business Leadership Building,UNT Building,1,Gold,N,none,\\aits-gispd.unt.ad.unt.edu\arcgisdata$\ProdData\data\IMG\_pic\,BLDG_CARTO,"Built in 2011 to accommodate a projected 7,500 students and 51 staff members.",68923.3330078,1128.76981452,9173.984375,411.617272985314
154,7125383.85240167,2382666.77377412,-97.1457793,33.2088009,100,UNT-Denton,Facilities, , , ,0002,Highland Street Parking Garage,UNT Building,3,None,N,none,\\aits-gispd.unt.ad.unt.edu\arcgisdata$\ProdData\data\IMG\_pic\,BLDG_CARTO,Built in 2011.,54670.3662109,1036.00508988,7276.86328125,378.116345283199
155,7122037.83190587,2377534.31263945,-97.162698,33.1997889,201,UNT-Denton,Athletics, , , ,-99,MGV Soccer Shed,Shed,UNK,Unknown,N,none,\\aits-gispd.unt.ad.unt.edu\arcgisdata$\ProdData\data\IMG\_pic\,BLDG_CARTO, ,103.390625,40.9756725662,13.76171875,14.9435838233064
156,7124677.27211816,2374979.35211432,-97.1709412,33.2071321,400,UNT-Denton,Facilities, , , ,0516,Library Annex Greenhouse 3,UNT Building,4,None,N,none,\\aits-gispd.unt.ad.unt.edu\arcgisdata$\ProdData\data\IMG\_pic\,BLDG_CARTO,Built in 2001.,3113.20898438,265.149264578,414.3671875,96.8562334934806
157,7124675.26982503,2375019.23602619,-97.1708109,33.2071252,400,UNT-Denton,Facilities, , , ,0514,Library Annex Greenhouse 2,UNT Building,4,None,N,none,\\aits-gispd.unt.ad.unt.edu\arcgisdata$\ProdData\data\IMG\_pic\,BLDG_CARTO,Built in 1979.,3078.73535156,262.956154008,409.7734375,96.0542404234145
158,7142538.22078514,2381267.24452302,-97.1496344,33.2559893,300,UNT-Denton,Facilities, , , ,0199,Research Greenhouse Complex,UNT Building,1,None,N,none,\\aits-gispd.unt.ad.unt.edu\arcgisdata$\ProdData\data\IMG\_pic\,BLDG_CARTO,Built with an expandable infrastruction to allow growth of a diverse array of plants.,15534.0576172,552.874888976,2069.84375,202.000633553441
159,7141508.40034128,2381596.68403377,-97.1486213,33.2531585,300,UNT-Denton,Facilities, , , ,0198,Discovery Park Zero Energy Lab Building,UNT Building,1,None,N,none,\\aits-gispd.unt.ad.unt.edu\arcgisdata$\ProdData\data\IMG\_pic\,BLDG_CARTO, ,2206.45996094,196.084266041,293.98828125,71.5261414885923
160,7126766.60092383,2382066.63013856,-97.1476826,33.2126257,100,UNT-Denton,Athletics, , , ,0370,Concession Stand #1,UNT Building,3,None,N,none,\\aits-gispd.unt.ad.unt.edu\arcgisdata$\ProdData\data\IMG\_pic\,BLDG_CARTO, ,164.711914063,57.1793560969,21.92578125,20.8403369458726
161,7155081.59976511,2385215.42226912,-97.1361857,33.2903322,500,UNT-Denton,Facilities, , , ,0212,Missile Base West Silo,UNT Building,1,None,N,none,\\aits-gispd.unt.ad.unt.edu\arcgisdata$\ProdData\data\IMG\_pic\,BLDG_CARTO, ,5682.82617188,393.333858967,757.78125,143.675257933666
162,7155079.17703433,2385400.49604224,-97.1355801,33.2903189,500,UNT-Denton,Facilities, , , ,0211,Missile Base Center Silo,UNT Building,1,None,N,none,\\aits-gispd.unt.ad.unt.edu\arcgisdata$\ProdData\data\IMG\_pic\,BLDG_CARTO, ,5682.81054688,393.333202809,757.8046875,143.674996261743
163,7155076.75429372,2385585.56982466,-97.1349746,33.2903057,500,UNT-Denton,Facilities, , , ,0210,Missile Base East Silo,UNT Building,1,None,N,none,\\aits-gispd.unt.ad.unt.edu\arcgisdata$\ProdData\data\IMG\_pic\,BLDG_CARTO, ,5682.83007813,393.333859026,757.81640625,143.675214970421
164,7155004.32101083,2385694.34400471,-97.1346217,33.2901027,500,UNT-Denton,Facilities, , ,1 STORY STONE+BRICK BUILDING,0213,Missile Base Storage Bldg,UNT Building,1,None,N,none,\\aits-gispd.unt.ad.unt.edu\arcgisdata$\ProdData\data\IMG\_pic\,BLDG_CARTO, ,787.7421875,118.781596196,105.046875,43.408752132148
165,7154966.45850221,2385104.54925313,-97.1365534,33.2900197,500,UNT-Denton,Facilities, , ,1 STORY METAL TRANSMITTER BUILDING,0214,Missile Base Radio Transmission Tower,UNT Building,1,None,N,none,\\aits-gispd.unt.ad.unt.edu\arcgisdata$\ProdData\data\IMG\_pic\,BLDG_CARTO, ,218.9453125,60.3909768838,29.19921875,22.0632242051402
166,7124108.77740899,2378868.40670346,-97.1582459,33.2054297,200,UNT-Denton,Facilities, , , ,0319,Alumni Pavilion,UNT Building,3,None,N,none,\\aits-gispd.unt.ad.unt.edu\arcgisdata$\ProdData\data\IMG\_pic\,BLDG_CARTO,This building was designedand constructed by the same company that built Apogee Stadium (HKS Inc.),3675.36425781,261.887608344,489.171875,95.6144614394683
167,7125025.3334957,2383288.95176516,-97.1437597,33.2077968,100,UNT-Denton,Private, , , ,-99,Theta Chi,Fraternity House,UNK,Unknown,N,none,\\aits-gispd.unt.ad.unt.edu\arcgisdata$\ProdData\data\IMG\_pic\,BLDG_CARTO, ,8530.54492188,386.284660488,1135.421875,140.995393859488
168,7124975.21087926,2381408.57937045,-97.1498654,33.2077357,100,UNT-Denton,Facilities-Auxiliary, , , ,0182,Maple Street Hall,UNT Building,6,None,N,none,\\aits-gispd.unt.ad.unt.edu\arcgisdata$\ProdData\data\IMG\_pic\,BLDG_CARTO,"Built in 1964, this building is accompanied by UNT's very own fully vegan dining hall.",54187.9873047,2889.40794308,7212.484375,1054.13847729215
169,7124970.97555458,2380949.97995165,-97.1514093,33.2077338,100,UNT-Denton,Facilities-Auxiliary, , , ,0177,Clark Hall,UNT Building,6,None,N,none,\\aits-gispd.unt.ad.unt.edu\arcgisdata$\ProdData\data\IMG\_pic\,BLDG_CARTO,"Named after Ms. Edith L. Clark,who was the first Dean of Women from 1916-1944.",42746.5263672,2265.27756692,5689.625,826.442295555166
170,7126093.86831058,2383192.56161678,-97.1440298,33.2107359,100,UNT-Denton,Facilities, , ,Counseling,0139,Welch Street Complex 2,UNT Building,1,None,Y,All,\\aits-gispd.unt.ad.unt.edu\arcgisdata$\ProdData\data\IMG\_pic\,BLDG_CARTO, ,14213.34375,528.686813172,1891.9375,192.957722303672
171,7126264.70276077,2383233.95548759,-97.1438877,33.2112026,100,UNT-Denton,Facilities, , , ,0158,Welch Street Complex 1,UNT Building,1,None,N,none,\\aits-gispd.unt.ad.unt.edu\arcgisdata$\ProdData\data\IMG\_pic\,BLDG_CARTO, ,22542.6933594,897.028837419,3000.6875,327.340795958194
172,7125253.59101377,2381458.33836884,-97.1497353,33.2084889,100,UNT-Denton,Facilities, , , ,0184,Goolsby Chapel,UNT Building,3,None,Y,All,\\aits-gispd.unt.ad.unt.edu\arcgisdata$\ProdData\data\IMG\_pic\,BLDG_CARTO,Donated by Tony Goolsby and family in 2001.,2275.98730469,282.911636158,302.93359375,103.256249965861
173,7126601.17220895,2383904.29203084,-97.1416788,33.212103,100,UNT-Denton,Facilities, , , ,0159,Dance and Theatre,UNT Building,1,None,N,none,\\aits-gispd.unt.ad.unt.edu\arcgisdata$\ProdData\data\IMG\_pic\,BLDG_CARTO,Built to partially house the Department of Dance and Theater.,18317.0986328,783.809403776,2438.265625,286.210586568543
174,7126955.75886803,2382708.90422573,-97.1455915,33.2131025,100,UNT-Denton,Facilities, , , ,0153,Art Bldg,UNT Building,1,None,N,none,\\aits-gispd.unt.ad.unt.edu\arcgisdata$\ProdData\data\IMG\_pic\,BLDG_CARTO,Recently underwent an expansion project making this building the College of Visual Arts and Design (CVAD).,70108.3515625,2006.4445148,9332.609375,731.843530819641
175,7128158.12131082,2382860.73366417,-97.1450276,33.2164219,101,UNT-Denton,Facilities, , , ,-99,Oak Street Hall Shed,Shed,UNK,Unknown,N,none,\\aits-gispd.unt.ad.unt.edu\arcgisdata$\ProdData\data\IMG\_pic\,BLDG_CARTO, ,304.998046875,80.9998379946,40.6015625,29.5893312270137
176,7125453.60063719,2381475.52071937,-97.1496704,33.209038,100,UNT-Denton,Facilities-Auxiliary, , , ,-99,Crumley Pergola,Pergola,UNK,Unknown,N,none,\\aits-gispd.unt.ad.unt.edu\arcgisdata$\ProdData\data\IMG\_pic\,BLDG_CARTO, ,247.357421875,62.9342573285,32.92578125,22.9621941326069
177,7126318.9509406,2382768.23696595,-97.1454076,33.2113706,100,UNT-Denton,Facilities, , , ,-99,Union Circle Parking Garage Toll Booth,Toll Booth,UNK,Unknown,N,none,\\aits-gispd.unt.ad.unt.edu\arcgisdata$\ProdData\data\IMG\_pic\,BLDG_CARTO, ,56.18359375,31.8004613221,7.48046875,11.6113664206055
178,7126318.7709869,2382750.81295224,-97.1454645,33.2113707,100,UNT-Denton,Facilities, , , ,-99,Union Circle Parking Garage Toll Booth,Toll Booth,UNK,Unknown,N,none,\\aits-gispd.unt.ad.unt.edu\arcgisdata$\ProdData\data\IMG\_pic\,BLDG_CARTO, ,56.17578125,31.7991490066,7.47265625,11.6108876385587
179,7125818.46441163,2379524.69207811,-97.1560332,33.2101096,100,UNT-Denton,Facilities, , , ,-99,Traditions Hall Bus Shelter,Bus Shelter,UNK,Unknown,N,none,\\aits-gispd.unt.ad.unt.edu\arcgisdata$\ProdData\data\IMG\_pic\,BLDG_CARTO, ,85.8115234375,39.3159473044,11.41796875,14.3327794643463
180,7125522.11296209,2378390.0687697,-97.1597552,33.2093349,100,UNT-Denton,Athletics, , , ,-99,IM Field Shed,Shed,UNK,Unknown,N,none,\\aits-gispd.unt.ad.unt.edu\arcgisdata$\ProdData\data\IMG\_pic\,BLDG_CARTO, ,173.59375,54.3303594922,23.10546875,19.827471116399
181,7125518.72430167,2378403.12736966,-97.1597126,33.2093251,100,UNT-Denton,Athletics, , , ,-99,IM Field Shed,Shed,UNK,Unknown,N,none,\\aits-gispd.unt.ad.unt.edu\arcgisdata$\ProdData\data\IMG\_pic\,BLDG_CARTO, ,302.022460938,73.5770521927,40.19921875,26.854358907578
182,7125724.79905354,2377909.68980266,-97.1613173,33.2099088,100,UNT-Denton,Athletics, , , ,-99,IM Field Pump House,Shed,UNK,Unknown,N,none,\\aits-gispd.unt.ad.unt.edu\arcgisdata$\ProdData\data\IMG\_pic\,BLDG_CARTO, ,55.6259765625,30.2889763069,7.40625,11.0550995663143
183,7124156.32221202,2380775.40925521,-97.1520138,33.2054974,100,UNT-Denton,Facilities, , ,IMPOUND LOT SHED (LOT 43),-99,Lot 43 Shed,Shed,UNK,Unknown,N,none,\\aits-gispd.unt.ad.unt.edu\arcgisdata$\ProdData\data\IMG\_pic\,BLDG_CARTO, ,192.208984375,56.0384607783,25.5859375,20.4371802675099
184,7124133.31031465,2380775.58469527,-97.1520142,33.2054341,100,UNT-Denton,Facilities, , ,IMPOUND LOT SHED (LOT 43),-99,Lot 43 Shed,Shed,UNK,Unknown,N,none,\\aits-gispd.unt.ad.unt.edu\arcgisdata$\ProdData\data\IMG\_pic\,BLDG_CARTO, ,191.583007813,55.9334977454,25.49609375,20.3989176955134
185,7124134.99649929,2380662.01771909,-97.1523854,33.2054428,100,UNT-Denton,Facilities, , ,IMPOUND LOT SHED (LOT 43),-99,Lot 43 Shed,Shed,UNK,Unknown,N,none,\\aits-gispd.unt.ad.unt.edu\arcgisdata$\ProdData\data\IMG\_pic\,BLDG_CARTO, ,193.525390625,56.1901994819,25.7578125,20.5060918116715
186,7122164.4950862,2378086.43361385,-97.1608878,33.2001177,200,UNT-Denton,Facilities, , , ,0549,EP Wind Turbine 3,UNT Building,4,None,N,none,\\aits-gispd.unt.ad.unt.edu\arcgisdata$\ProdData\data\IMG\_pic\,BLDG_CARTO,"Installed in 2012, these energy resources demonstrated UNT's commitment to sustainability.",53.1669921875,25.8765575785,7.0859375,9.43976550251636
187,7122553.10118856,2378066.48994906,-97.1609368,33.2011864,200,UNT-Denton,Facilities, , , ,0548,EP Wind Turbine 2,UNT Building,4,None,N,none,\\aits-gispd.unt.ad.unt.edu\arcgisdata$\ProdData\data\IMG\_pic\,BLDG_CARTO,"Installed in 2012, these energy resources demonstrated UNT's commitment to sustainability.",53.1962890625,25.8805158494,7.078125,9.44135995414038
188,7122862.47722537,2378088.01901284,-97.1608535,33.2020359,200,UNT-Denton,Facilities, , , ,0547,EP Wind Turbine 1,UNT Building,4,None,N,none,\\aits-gispd.unt.ad.unt.edu\arcgisdata$\ProdData\data\IMG\_pic\,BLDG_CARTO,"Installed in 2012, these energy resources demonstrated UNT's commitment to sustainability.",53.1611328125,25.8733743788,7.0625,9.43874813739808
189,7125424.5201986,2378382.45960258,-97.1597841,33.209067,100,UNT-Denton,Facilities, , ,Fed from Chemical Waste Holding Bldg 1,-99,Risk Management Storage Shed,Shed,UNK,Unknown,N,none,\\aits-gispd.unt.ad.unt.edu\arcgisdata$\ProdData\data\IMG\_pic\,BLDG_CARTO, ,245.68359375,64.7286445885,32.703125,23.6174333493807
190,7142719.08041243,2381163.62618662,-97.1499647,33.2565002,300,UNT-Denton,Facilities, , ,DP Corn Field Shed,-99,Discovery Park Corn Field Shed,Shed,UNK,Unknown,N,none,\\aits-gispd.unt.ad.unt.edu\arcgisdata$\ProdData\data\IMG\_pic\,BLDG_CARTO, ,74.859375,34.8998601085,9.9765625,12.7412162006076
191,7122497.75184835,2377504.25144151,-97.1627771,33.201054,201,UNT-Denton,Athletics, , , ,0465,MGV Women's Softball Dugout,UNT Building,3,None,Y,none,\\aits-gispd.unt.ad.unt.edu\arcgisdata$\ProdData\data\IMG\_pic\,BLDG_CARTO,Built in 2007.,946.499023438,218.938215883,125.95703125,79.8691380290685
192,7125238.19601338,2378641.13357547,-97.1589462,33.2085458,100,UNT-Denton,Facilities, , , ,-99,Fouts Bus Shelter,Bus Shelter,UNK,Unknown,N,none,\\aits-gispd.unt.ad.unt.edu\arcgisdata$\ProdData\data\IMG\_pic\,BLDG_CARTO, ,107.92578125,43.9302352217,14.3671875,16.0364823052197
193,7127335.07161177,2380772.03360929,-97.1518915,33.2142338,100,UNT-Denton,Facilities, , , ,-99,EESAT Shed,Shed,UNK,Unknown,N,none,\\aits-gispd.unt.ad.unt.edu\arcgisdata$\ProdData\data\IMG\_pic\,BLDG_CARTO, ,80.681640625,36.1600326598,10.73828125,13.1897646501318
194,7127345.20605134,2380773.20912053,-97.1518872,33.2142616,100,UNT-Denton,Facilities, , , ,-99,EESAT Shed,Shed,UNK,Unknown,N,none,\\aits-gispd.unt.ad.unt.edu\arcgisdata$\ProdData\data\IMG\_pic\,BLDG_CARTO, ,64.4560546875,32.0803431067,8.58203125,11.7047298583546
195,7127433.5510736,2380797.56144537,-97.1518039,33.2145035,100,UNT-Denton,Facilities, , , ,-99,EESAT Shed,Shed,UNK,Unknown,N,none,\\aits-gispd.unt.ad.unt.edu\arcgisdata$\ProdData\data\IMG\_pic\,BLDG_CARTO, ,88.412109375,37.9526799917,11.76953125,13.8430074305849
196,7127442.05433743,2380795.14724416,-97.1518114,33.214527,100,UNT-Denton,Facilities, , , ,-99,EESAT Shed,Shed,UNK,Unknown,N,none,\\aits-gispd.unt.ad.unt.edu\arcgisdata$\ProdData\data\IMG\_pic\,BLDG_CARTO, ,80.541015625,36.1200065017,10.71875,13.1752725012869
197,7127445.24560402,2380805.96382358,-97.1517759,33.2145354,100,UNT-Denton,Facilities, , , ,-99,EESAT Shed,Shed,UNK,Unknown,N,none,\\aits-gispd.unt.ad.unt.edu\arcgisdata$\ProdData\data\IMG\_pic\,BLDG_CARTO, ,80.541015625,36.1200065017,10.72265625,13.1752737486985
198,7122150.21682402,2360947.34901334,-97.2169176,33.2006663,501,UNT-Denton,Facilities, , , ,-99,Water Research Storage Shed,Shed,UNK,Unknown,N,none,\\aits-gispd.unt.ad.unt.edu\arcgisdata$\ProdData\data\IMG\_pic\,BLDG_CARTO, ,78.2685546875,35.5454848879,10.41015625,12.9645286001347
199,7122250.4149504,2360910.73212462,-97.2170333,33.2009429,501,UNT-Denton,Facilities, , , ,-99,Water Research Storage Shed,Shed,UNK,Unknown,N,none,\\aits-gispd.unt.ad.unt.edu\arcgisdata$\ProdData\data\IMG\_pic\,BLDG_CARTO, ,78.6171875,35.613146014,10.46875,12.9892802232823
200,7126834.19360297,2382404.54135958,-97.146575,33.2127995,100,UNT-Denton,Facilities, , , ,-99,Physics Storage Shed,Shed,UNK,Unknown,N,none,\\aits-gispd.unt.ad.unt.edu\arcgisdata$\ProdData\data\IMG\_pic\,BLDG_CARTO, ,382.216796875,79.9543586394,50.87890625,29.1571985418672
201,7124922.7911552,2378824.31607207,-97.1583598,33.2076723,100,UNT-Denton,Athletics, , , ,-99,Stadium Concessions,Building,UNK,Unknown,N,none,\\aits-gispd.unt.ad.unt.edu\arcgisdata$\ProdData\data\IMG\_pic\,BLDG_CARTO, ,854.735351563,163.965648582,113.765625,59.8217222445851
202,7127284.72968906,2382379.99406989,-97.1466477,33.2140396,100,UNT-Denton,Facilities, , , ,0148,Language Bldg,UNT Building,1,None,N,none,\\aits-gispd.unt.ad.unt.edu\arcgisdata$\ProdData\data\IMG\_pic\,BLDG_CARTO,Built in 1968 on the previous site of UNT's first science building.,21318.0410156,603.728607611,2837.84375,220.382406151607
203,7127144.8304335,2380286.00762009,-97.1534886,33.2137281,100,UNT-Denton,Facilities-Auxiliary, , , ,-99,College Inn Pool Shed,Shed,UNK,Unknown,N,none,\\aits-gispd.unt.ad.unt.edu\arcgisdata$\ProdData\data\IMG\_pic\,BLDG_CARTO, ,287.280273438,68.6305674641,38.23828125,25.049400330584
204,7128150.66873386,2382872.27333925,-97.1449902,33.216401,101,UNT-Denton,Facilities, , , ,-99,Oak Street Hall Shed,Shed,UNK,Unknown,N,none,\\aits-gispd.unt.ad.unt.edu\arcgisdata$\ProdData\data\IMG\_pic\,BLDG_CARTO, ,170.130859375,52.4021261334,22.6484375,19.1239834510557
205,7128174.24339684,2382876.87534756,-97.1449741,33.2164657,101,UNT-Denton,Facilities, , , ,-99,Oak Street Hall Shed,Shed,UNK,Unknown,N,none,\\aits-gispd.unt.ad.unt.edu\arcgisdata$\ProdData\data\IMG\_pic\,BLDG_CARTO, ,497.684570313,91.029673595,66.25390625,33.220146046792
206,7141870.2207918,2381759.80043077,-97.1480503,33.2541462,300,UNT-Denton,Facilities, , , ,-99,DP Test Stand,Unknown,UNK,Unknown,N,none,\\aits-gispd.unt.ad.unt.edu\arcgisdata$\ProdData\data\IMG\_pic\,BLDG_CARTO, ,143.45703125,139.266749782,19.11328125,50.8231776087724
207,7141601.13607076,2379970.86555848,-97.1539133,33.2534698,300,UNT-Denton,Facilities, , , ,-99,Lot DP01 Bus Shelter,Bus Shelter,UNK,Unknown,N,none,\\aits-gispd.unt.ad.unt.edu\arcgisdata$\ProdData\data\IMG\_pic\,BLDG_CARTO, ,108.633789063,44.127642151,14.47265625,16.1021189128784
208,7141685.7002011,2380932.53622276,-97.1507641,33.2536683,300,UNT-Denton,Facilities, , , ,-99,Lot DP03 Bus Shelter,Bus Shelter,UNK,Unknown,N,none,\\aits-gispd.unt.ad.unt.edu\arcgisdata$\ProdData\data\IMG\_pic\,BLDG_CARTO, ,98.7080078125,42.2515157699,13.15234375,15.4174035923301
209,7142693.35668794,2381142.71000135,-97.1500342,33.2564302,300,UNT-Denton,Facilities, , , ,-99,Discovery Park Corn Field Shed,Shed,UNK,Unknown,N,none,\\aits-gispd.unt.ad.unt.edu\arcgisdata$\ProdData\data\IMG\_pic\,BLDG_CARTO, ,18.81640625,17.3801621494,2.51171875,6.34495411902319
210,7124339.49597363,2380603.60812538,-97.1525774,33.2060068,100,UNT-Denton,Facilities, , , ,2001,915 N Texas Blvd,UNT Building,1,None,N,none,\\aits-gispd.unt.ad.unt.edu\arcgisdata$\ProdData\data\IMG\_pic\,BLDG_CARTO, ,4891.70117188,282.70124511,651.06640625,103.101254605707
211,7127315.13887501,2380945.55638324,-97.1512837,33.2142061,100,UNT-Denton,Facilities, , , ,0160,"Environmental Education, Science & Technology Bldg",UNT Building,1,None,N,none,\\aits-gispd.unt.ad.unt.edu\arcgisdata$\ProdData\data\IMG\_pic\,BLDG_CARTO,"Built in 1998, one year before the first celebration of earth week.",46213.7607422,1193.19161952,6152.04296875,435.216613390525
212,7125021.57719405,2378841.60079239,-97.1583327,33.2080223,100,UNT-Denton,Athletics, , , ,0303,Stadium,UNT Building,3,None,Y,All,\\aits-gispd.unt.ad.unt.edu\arcgisdata$\ProdData\data\IMG\_pic\,BLDG_CARTO,"Fouts Field is named after Theron J. Fouts, who became football coach in 1920, and then became athletic director.",40024.4677734,991.523983148,5327.32421875,361.819995302888
213,7125294.7212552,2380118.97838228,-97.1541414,33.2086577,100,UNT-Denton,Athletics, , , ,0154,Coliseum,UNT Building,1,None,Y,All,\\aits-gispd.unt.ad.unt.edu\arcgisdata$\ProdData\data\IMG\_pic\,BLDG_CARTO,"Built in 1973 as a multipurpose facility, hosting basketball games, guest speakers, and graduations.",121776.546875,1433.0935905,16208.88671875,522.809931548676
214,7126590.43114594,2380576.46337567,-97.1525368,33.2121902,100,UNT-Denton,Facilities, , , ,0136,Chestnut Hall,UNT Building,3,None,Y,"Main Entrance, Optical, Dental",\\aits-gispd.unt.ad.unt.edu\arcgisdata$\ProdData\data\IMG\_pic\,BLDG_CARTO,Built in 2007 to hold the campus medical centers and career center.,31562.1259766,756.79763856,4201.36328125,276.305080476145
215,7141823.19426178,2380347.43099386,-97.1528094,33.2540352,300,UNT-Denton,Facilities, , , ,0190,Discovery Park Building,UNT Building,1,None,Y,E 178,\\aits-gispd.unt.ad.unt.edu\arcgisdata$\ProdData\data\IMG\_pic\,BLDG_CARTO, ,343789.831055,5840.53397291,45806.3984375,2132.52953607335
216,7121351.67178764,2389677.07848796,-97.1230337,33.1974528,403,UNT-Denton,Facilities, , , ,0601,Woodhill Square Building 1,UNT Building,9,None,N,none,\\aits-gispd.unt.ad.unt.edu\arcgisdata$\ProdData\data\IMG\_pic\,BLDG_CARTO, ,34723.28125,1235.95670928,4620.63671875,450.815406597091
217,7121136.24526678,2389640.9678191,-97.123159,33.1968848,403,UNT-Denton,Facilities, , , ,0603,Woodhill Square Building 3,UNT Building,9,None,N,none,\\aits-gispd.unt.ad.unt.edu\arcgisdata$\ProdData\data\IMG\_pic\,BLDG_CARTO, ,32732.2978516,978.251193856,4355.62109375,356.638355066916
218,7120888.99547388,2389659.24308664,-97.12311,33.1961975,403,UNT-Denton,Facilities, , , ,0604,Woodhill Square Building 4,UNT Building,8,None,N,none,\\aits-gispd.unt.ad.unt.edu\arcgisdata$\ProdData\data\IMG\_pic\,BLDG_CARTO, ,32734.6494141,977.894237867,4355.87109375,356.504750389104
219,7121021.29455455,2389923.22114893,-97.1222369,33.1965538,403,UNT-Denton,Facilities, , , ,0602,Woodhill Square Building 2,UNT Building,9,None,N,none,\\aits-gispd.unt.ad.unt.edu\arcgisdata$\ProdData\data\IMG\_pic\,BLDG_CARTO, ,35500.8505859,1100.2157862,4724,401.792221259626
220,7122563.0234131,2377249.92844879,-97.1636058,33.2012422,201,UNT-Denton,Athletics, , , ,0499,Boomer's Barn,UNT Building,3,None,N,none,\\aits-gispd.unt.ad.unt.edu\arcgisdata$\ProdData\data\IMG\_pic\,BLDG_CARTO,"Holds ""Boomer"" the cannon, which is fired at football games by spirit organization Talons.",1017.61523438,131.043791541,135.42578125,47.8286242642456
221,7122787.06332987,2378786.67487436,-97.1585727,33.2018042,200,UNT-Denton,Facilities, , , ,-99,Victory Hall Bus Shelter,Bus Shelter,UNK,Unknown,N,none,\\aits-gispd.unt.ad.unt.edu\arcgisdata$\ProdData\data\IMG\_pic\,BLDG_CARTO, ,111.567382813,45.9456514933,14.84765625,16.7610074215616
222,7123214.43838139,2378845.43724233,-97.1583627,33.2029767,200,UNT-Denton,Facilities, , ,Former #0321,-99,Eagle Point Utility Bldg,Utility,UNK,Unknown,N,none,\\aits-gispd.unt.ad.unt.edu\arcgisdata$\ProdData\data\IMG\_pic\,BLDG_CARTO, ,3399.453125,233.480872203,452.4140625,85.1862049244987
223,7123117.01879016,2378667.01005653,-97.1588533,33.2027791,200,UNT-Denton,Athletics, , , ,0320,Athletic Center Building,UNT Building,3,None,N,none,\\aits-gispd.unt.ad.unt.edu\arcgisdata$\ProdData\data\IMG\_pic\,BLDG_CARTO,Built along with Apogee Stadium in 2005 as the first phase of Mean Green Village.,50657.1416016,1441.07863352,6741.76953125,525.583631722433
224,7123630.31279308,2378586.7430268,-97.1591911,33.2041843,200,UNT-Denton,Athletics, , , ,0322,Apogee Stadium,UNT Building,3,Platinum,Y,All,\\aits-gispd.unt.ad.unt.edu\arcgisdata$\ProdData\data\IMG\_pic\,BLDG_CARTO,"Apogee Stadium's name was changed from Mean Green Stadium on August 12, 2011.",241359.166992,4477.25757486,32122.46875,1633.96346227376
225,7124884.13839206,2380635.51628056,-97.1524406,33.2075026,100,UNT-Denton,Facilities, , , ,0173,Rawlins Hall,UNT Building,6,None,N,none,\\aits-gispd.unt.ad.unt.edu\arcgisdata$\ProdData\data\IMG\_pic\,BLDG_CARTO,"Named after 2010-2014 UNT president, V. Rawlins.",26656.4726563,1455.75904707,3547.984375,531.251256885338
226,7120955.39240269,2378563.94575597,-97.1593776,33.1967437,200,UNT-Denton,Facilities, , , ,0517,Eagle Point Grounds Bldg,UNT Building,4,None,N,none,\\aits-gispd.unt.ad.unt.edu\arcgisdata$\ProdData\data\IMG\_pic\,BLDG_CARTO,Built for UNT Facilites in 2004.,6534.9296875,331.060664065,869.59375,120.705925319243
227,7125399.29640832,2383220.25540185,-97.143968,33.208827,100,UNT-Denton,Facilities, , , ,0315,Greek Life Center,UNT Building,3,None,N,none,\\aits-gispd.unt.ad.unt.edu\arcgisdata$\ProdData\data\IMG\_pic\,BLDG_CARTO,Built in 2015.,7029.80761719,382.253801966,935.72265625,139.467102524714
228,7127355.94185243,2381580.68471953,-97.1492467,33.2142626,100,UNT-Denton,Facilities, , , ,0145,Chemistry Chiller Plant,UNT Building,4,None,N,none,\\aits-gispd.unt.ad.unt.edu\arcgisdata$\ProdData\data\IMG\_pic\,BLDG_CARTO,Built in 2004 to accompany the Chemistry Building.,1786.46679688,170.488412087,237.8125,62.2228942926828
229,7126552.74693887,2381320.91481948,-97.1500685,33.2120486,100,UNT-Denton,Facilities-Auxiliary, , , ,0175,Bruce Hall,UNT Building,6,None,N,none,\\aits-gispd.unt.ad.unt.edu\arcgisdata$\ProdData\data\IMG\_pic\,BLDG_CARTO,"Named after Dr. William Herschel Bruce, who was president of North Texas State Normal College from 1906 to 1923.",51289.8525391,1912.68070752,6827.39453125,697.124626319215
230,7126816.50417571,2381919.24220598,-97.1481624,33.2127681,100,UNT-Denton,Facilities, , , ,0000,GTE Switch,UNT Building,4,None,N,none,\\aits-gispd.unt.ad.unt.edu\arcgisdata$\ProdData\data\IMG\_pic\,BLDG_CARTO, ,671.90234375,103.782127766,89.44140625,37.8616480984977
231,7125766.62514207,2380936.16653637,-97.1514263,33.2099171,100,UNT-Denton,Facilities, , , ,0128,Music Practice Mechanical,UNT Building,4,None,N,none,\\aits-gispd.unt.ad.unt.edu\arcgisdata$\ProdData\data\IMG\_pic\,BLDG_CARTO,Built in 1976.,1817.83789063,170.931761448,241.9765625,62.3518824848496
232,7124098.65351525,2380964.3491954,-97.1513985,33.2053322,100,UNT-Denton,Facilities, , , ,2003,1500 N I 35 E,UNT Building,1,None,N,none,\\aits-gispd.unt.ad.unt.edu\arcgisdata$\ProdData\data\IMG\_pic\,BLDG_CARTO, ,45321.6015625,931.094812874,6032.01953125,339.605855293475
233,7122466.4345045,2377666.58722479,-97.1622465,33.20096,201,UNT-Denton,Athletics, , , ,0467,Women's Softball Restroom & Concession Building,UNT Building,3,None,N,none,\\aits-gispd.unt.ad.unt.edu\arcgisdata$\ProdData\data\IMG\_pic\,BLDG_CARTO,Built in 2007.,1256.90234375,142.758298632,167.265625,52.0788258743604
234,7126063.13897842,2382197.37859452,-97.14735,33.210906,100,UNT-Denton,Auxiliary Service, , , ,0155,University Union Bldg,UNT Building,3,Unknown,Y,"402, Lyceum",\\aits-gispd.unt.ad.unt.edu\arcgisdata$\ProdData\data\IMG\_pic\,BLDG_CARTO,"Built in 1964, this building went through a massive renovation and expansion project in 2016.",127158.21875,2003.39513685,16926.00390625,730.982804516259
235,7134859.98636329,2382807.22429761,-97.14491988,33.23484276,100,UNT-Denton,Private, , , ,2010,2301 Hinkle Drive,Building,UNK,Unknown,U,Unknown,\\aits-gispd.unt.ad.unt.edu\arcgisdata$\ProdData\data\IMG\_pic\,BLDG_CARTO, ,5445.68945313,296.443629496,725.265625,108.16140034956
236,7129120.77702551,2381068.55210284,-97.15084699,33.219131,100,UNT-Denton,Private, , , ,2011,1716 Scripture Street,Building,UNK,Unknown,U,Unknown,\\aits-gispd.unt.ad.unt.edu\arcgisdata$\ProdData\data\IMG\_pic\,BLDG_CARTO, ,9660.66601563,435.578323578,1286.16796875,159.083726974502
237,7121508.83031152,2378677.27369121,-97.1589837,33.198295,200,UNT-Denton,Athletics, , , ,0323,Track & Field,UNT Building,UNK,Unknown,Y, ,\\aits-gispd.unt.ad.unt.edu\arcgisdata$\ProdData\data\IMG\_pic\,BLDG_CARTO, ,14473.3769531,495.051503301,1926.01171875,180.491165522663
238,7126955.75886803,2382708.90422573,-97.1455915,33.2131025,100,UNT-Denton,Facilities, , , ,0153,Art Bldg,UNT Building,1,None,N,none,\\aits-gispd.unt.ad.unt.edu\arcgisdata$\ProdData\data\IMG\_pic\,BLDG_CARTO,Recently underwent an expansion project making this building the College of Visual Arts and Design (CVAD).,0.2099609375,4.61819632306,0.03125,1.68860133563149
239,7124772.742,2382438.422,-97.146551,33.207133,100,UNT-Denton,Facilities-Auxiliary, , , ,0168,Joe Greene Hall,UNT Building,2,Unknown, , ,\\aits-gispd.unt.ad.unt.edu\arcgisdata$\ProdData\data\IMG\_pic\,BLDG_CARTO, ,25402.3505859,1274.75293834,3381.0078125,464.997240042265
240,7124948.716,2382418.307,-97.146609,33.207617,100,UNT-Denton,Auxiliary Service, , , ,0169,Tour Center,UNT Building,3,Unknown, , ,\\aits-gispd.unt.ad.unt.edu\arcgisdata$\ProdData\data\IMG\_pic\,BLDG_CARTO, ,13018.0117188,526.799538197,1732.70703125,192.166549261038
241,0,0,0,0,100,Private,Private, , , , ,Baptist Student Ministry, ,UNK,None,U, ,\\aits-gispd.unt.ad.unt.edu\arcgisdata$\ProdData\data\IMG\_pic\,BLDG_CARTO, ,10212.0146484,408.600792184,1359.32421875,149.117792014541
242,0,0,0,0,200,UNT-Denton,Facilities, , , ,0326,Eagle Point Restroom Building,UNT Building,UNK,Unknown, , , ,BLDG_CARTO, ,1126.35742188,134.548287362,149.8984375,49.0758331084722
